-- phpMyAdmin SQL Dump
-- version 2.11.6
-- http://www.phpmyadmin.net
--
-- Host: localhost
-- Generation Time: Apr 14, 2016 at 05:56 AM
-- Server version: 5.1.48
-- PHP Version: 5.2.6

SET SQL_MODE="NO_AUTO_VALUE_ON_ZERO";


/*!40101 SET @OLD_CHARACTER_SET_CLIENT=@@CHARACTER_SET_CLIENT */;
/*!40101 SET @OLD_CHARACTER_SET_RESULTS=@@CHARACTER_SET_RESULTS */;
/*!40101 SET @OLD_COLLATION_CONNECTION=@@COLLATION_CONNECTION */;
/*!40101 SET NAMES utf8 */;

--
-- Database: `retail`
--

-- --------------------------------------------------------

--
-- Table structure for table `ad`
--

CREATE TABLE `ad` (
  `ad_id` int(11) NOT NULL AUTO_INCREMENT,
  `ad_title` varchar(60) NOT NULL,
  `image` longblob,
  `description` text NOT NULL,
  `price` int(11) NOT NULL,
  `time_used` varchar(20) NOT NULL,
  `status` enum('available','sold','hold') NOT NULL DEFAULT 'available',
  `s_id` int(11) NOT NULL,
  `post_date` date DEFAULT NULL,
  `flag` enum('approved','not_approved','waiting') NOT NULL DEFAULT 'approved',
  `catid` int(11) NOT NULL,
  PRIMARY KEY (`ad_id`),
  UNIQUE KEY `ad_title` (`ad_title`),
  KEY `newad_ibfk_2` (`s_id`),
  KEY `catid` (`catid`)
) ENGINE=InnoDB  DEFAULT CHARSET=latin1 AUTO_INCREMENT=18 ;

--
-- Dumping data for table `ad`
--

INSERT INTO `ad` (`ad_id`, `ad_title`, `image`, `description`, `price`, `time_used`, `status`, `s_id`, `post_date`, `flag`, `catid`) VALUES
(1, 'kurose book', NULL, 'networking book', 500, '4', 'available', 1, '2016-04-26', 'approved', 1),
(2, 'hero cycle', NULL, 'new hero cycle', 1500, '11', 'available', 2, '2016-04-06', 'approved', 3),
(3, 'operation system book', NULL, 'new never used book', 500, '5', 'available', 2, '2016-04-13', 'waiting', 1),
(4, 'kenstar fan', NULL, 'new kenstar fan', 900, '6', 'available', 2, '2016-04-19', 'approved', 2),
(5, 'samsung mobile', NULL, 'samsung duos', 4900, '19', 'available', 2, '2016-04-13', 'approved', 2),
(8, 'xiomi redmi note3', 0xffd8ffe000104a46494600010100000100010000ffdb008400090607120f10150f1012160f101510101510100f15170f1515151515181716111515181d2820181a251b151521312125292b2e2e2e171f3338332c38282d2e2b010a0a0a0e0d0e150f10172b1d151d2d2d2d2d2d2d2d2d2d2b2b2d2b2d2b2b2d2d2d2b2d2d2b2b2b2d2d2d2d2b2b372d2b2d2d2d2b37372d2b2d2d37372b2b2b2bffc000110800dc00e503012200021101031101ffc4001c0000020203010100000000000000000000000102030405060708ffc400441000020102020606070703030304030000010203001104120513213141510614226191a10752627192d2e132425381b1c1d11523f07282a243b2c233738485243465ffc4001801010101010100000000000000000000000001020403ffc4001e11010002030003010100000000000000000002510111130321311241ffda000c03010002110311003f00f43b52b559a96e7e5f5a5a86e7e5f5a2216a2d53d43731e1f5a352dcc787d68216a56ab350dcc787d68d43731e1f5a0aed45aacd43731e1f5a350dcc787d682bb516ab350dcc787d696a1b98f0fad042d45aaceaedcc787d68eaedcc787d682bb516ab3abb731e1f5a3abb731e1f5a0aed45aaceaedcc787d68eaedcc787d682bcb45aadeaedcc787d68eaedcc787d682ab516ab7abb731e1f5a3abb731e1f5a0aed465ab3abb7ac3c3eb47576e63c3eb415e5a32d5bd5db98f0fad1d5db98f0fad05596965abbabb731e1f5a3abb731e1f5a229cb4b2d5dd5db98f0fad1d5db98f0fad051968abbabb731e1f5a282da2917ff002f466ff2f453a2a39fbbce8cfdde740e8a59fbbce8cfdde7503a2967eea3377503a2966eef3a3377503a2966eea331e5e6281d14b31e5e628cc79504a8a8e63cbf4a798f2fd281d14ae795198f2aa2545a95cf2a2e79503b516a2e795173cbcc5014ed45fba8bf75014ad4efdd45fba815152bf779d2bf77e944469d3bf751416e73467351a2a29e734f39e751a28259cd19cd468a09673ce8ce79d2a5412d61e746b0f3a54a825ac3ce8d61e751a76a07ac3ce8d61e74a8b503d61e74f5879d2a2d40f5879d3d61e751b53b503d61e746b0f3a56a76a079cf3a79cf3a8da9da81e73ce8ce79d2a181b6cdf6d97a0e37d2974b26d19854920b6b6494a0661982f649bdaba4d01a606370b162a33d996356b5ef94ee64f786047e55e5de967a4d86c5605b0b2a3c18f8e78d861e55605482559d5c0cb221526c6fb6e0db65637a1ae9861f0b876c24eefad7c5030c688d2dc3a806c146c00a927df547b5673ce8ce6b80f4a1d3e6d19930d8650f8b917302dda58d09201ca0ed6241b0ddb2fb77543d1b62f129867389d762b1d34ed23c45ae2252172eb49ece1ef7be4fb596d6536b507a0e73ce8ad58d1d349da9b10d1b708f096445ee2cea5a43ed1ca366c51b69d0675145150145a8a7502a2d4e8140516a28a28b51453a056a29d140a9d14ea8545a9da8a028a745a8153029d725e93a3c50c10c4e099967c34c935a3da5900657523ef0b35c8e4a688eb0ecda760e2698ae0747f493fae45858b0fd8cce24d26a3fe9c70904c04f295ca81cd43f235d9e98d2b0e0e16c462641144b6bb35ced3b80036b13c850665a9dab4fd15d3eba4a03898a378e1323ac4d265bc8a86c640013945c30b1dbb2b81e91e234e4ba4a54d17307c29c995935524516550191d9c10af9b312bbe83b7e9a9c22611e5c64098a550163899048ef23f65238f65c3126d71b46d3c2bcf3d1ff00449b47e35a7c442988c464bc5060e4321c33bed2b2871963214900b497e41af71df687d1f8dc425b49baab2150130778924eced95a51db24ed195720da4104115b4c7e330fa370c6465d4e1e3de218cb05078e48c6c1ccf8d069e0e8946f34b3e202abe21834b144492c140011a6203b2d80eca041b4df3563690e9861f45e29703898970786310385962219761ca43c482f12def63c729ddc3ce34874bf49e93d2713e0e0301c3b39855d3ec472595db12edb02b05dbb872da2f5d2fa65e8db63d22c4e0f0f262274ec48f10ec98bb4c00076bf698d8adc6d37e1547a923060181b8201046d041dc41a2b59a0f47491e1608ddda3298781356997b39635194960c5985ac4dedb370a74199453ae43d2174d23d1903aab29c6b460c111bee662bad3c2c2cc6dc6d59574f0e363791e14915a58b26b51482c99c12b9870b804d64579dfa23d2f857c3eaa2d6498b7632e3242b24b76626cd24cca14102db2fced98dc9f45aa153a29d40a8a74502a754c58b8ddde34756923ca25452094cc2eb9870b8db575014514ed410770b6b902e6c2e6d73c877d6ab48749f058791219b131248ee5029706cc05fb76fb1c36b5b78a5d29d0587d2301c1e218ae6b3ae460ae0afde00eff00cc115e5dd23f42ce8b9f0136b9ae734588b46d6e195c6c27df6aa3da6b1b4a6918f0b0be2276c9146b99db7ece4071249000efad474120c7478358f48eac4a9648c446e756aa00d611d92db3870b71ac1f4b593fa4cdac4796e6308b1ecb485bb0cdec836bf3d838d06d70dd2cc14985eba275106526edb1f6315cbabfb4589520002e7856d30d8b57884fb510a67fee831155b5eec1b6aecdbb6b90f457d114c060d25961098d91734aedda75563758c6cba6ccb75e636dec2b572f4aa7c5e2b4b68d8959255c3cbd5758760d5288e4b03bb3e6cca776d0683d01b48c4254833de592379235505ae89605f301603b4bb4917becacc15e25d1e8b498c760710ce715a98db0f3c78522531c31b106399efabccc329dac0dc02775ebd5a59710e555de3c0abb658c5c4f3b9ca5b2a96fedabd958dad26c5341cde83d12ba274862e432c7160712c8e11c58a49959c5e4d8aa9b311607928e22f4f4a7a3f26999f6876c14718eae1cb6163d71243cce0aeb240172e50a2c6e7b6b7aecf0fa2618db5cc0c920bff7f10dad71cf296d918ee50a3baa1a4a413c2f144ee59d085930f986527ef2caaca011feb141c2e3f4d60346cb86d1b8a9c4f12ab24d1460c70e1c05ba6b218c1d6e624e612335b635ab13a27d3a7c7e9c58f0b13ae07abc911404e4554cce988318ecc649016dedef3b0565cbe8730d2b962f2a0655cc64935f297cc0b499800a1985c1be71b6e2d5d2e074768dc0b3c710cced9359868734fbb6296c344081c7b457de6827d31e9c61745c59e4612ca6e2382220b311bf31fb805f693f95eabe864b89c768f866c53a4866feedcc62e067baa04d8a32902c4e6dc2f5cde95e804da5313262713d8199570825cb1ac50a10ca870f166cf725c1bc886c6fb0ec5ed27d1d1c30993173b18224bb229ea902220dc238ec4adbeebb351129e6c24735dcf58c50502caa7133817d9d840756b7e365154e3f4e3a155768347eb182c671d22bcae49b00902358df9eb367115ccc1d37d4e824d2586820255c2622087fb091317cb60a01ed5da3363bc35efbabc470bd774ae3572b3e231923dd5d9ac411dab83b91577ecb0006ca0fa7ce8257db34d8899b9eb9f0c0770480a2dbde09ef34561741340cf80c394c5629f193bb6791a4769150d80c9197da4779b5f90a2836f5a4d21d15c2e231898e9a3d64b1c2d12abd9a320dfb4c8476880ce05f676b75c0b6ec53a82ac3e1d235091a2c68372a28451ee03655b45a9d02a75c774cba6698791701866cf8e95954e5b30c321dad3c97b80556ed63b80b9d9bfabc1e25241d871265b063b2e0dbef0e04efdd45693a7f84c4cba3a65c1965c4008c9ab395982b866552389507671dd5e6f87f4b78a8f06b0be159f1b9648c4edd85ba81690a58dd85eec360f1b0ec7a29d259a6d2f8ec2cd198a3041c3e72549d51315d55bed070acfd916194efdf54e94f45581971526366926c8ced2cb0e6ec927b4dda03305dfb06de445517fa2bd033e1a097158b62d8ac5bacb266399828072662365ce663dd702bb8b579be9de9f9778f07a3d0c31398d4e919ad878922cc017835a2cfd957b13ea9b06ae97a47d28860d1f89c4c1324ef14560626494ac8f648d9946c033329da2d6bd07475c1f4ff00d20b68bcd10c2c9ae71ffe2cd265303dad998e56cdd9bfd9b03bb7022b13a4dd2fc6368fc1e93d1f1eb30e5b3e2c36c6bab08f524020e52f9c6cbee5e1bf6234be8fd3785cb3c52b329cad0a472caf0cb97ed298d48b8bec7ddb7bc8a0d77a31d0b8b9667d31a499ccf226ae08e41932c77b96c9f707051b37b1e37af48b573386d28f848a1c33a9326af24736909530c67d525ddeca647b81b4dd6acc0e907c620923c55e36dc30501cc08de8d2ce0a861b882aa47750733e90fa673478a8f46e8f8da5c4ac90c933231502c43884db658aed62db003e1db7f5c858da22d896da2d855338046f5320ec29ff00530ad362343e13071cb8b930c99559f113498c935cdacb6d902769339d806522f7b564635f138ad16d361dcc334984d661d22c91652c99914c85980e1b4103dd41b1d662e5fb291e156c0de63d624efbc719083df9dbdd5a2d2ba2f011b9c7e33106731abaced20596331b0b6a9e28972801b25ae2e72806fb2bc7f4cf4bf14e62c43148b1b01c923ade6d7c4f6652d72ca51594dc036bc8081b4d7b0f4ab454da522480c261c32b97984f2ac01c04210a88f3b00ac7358e5be5b1e6033ba23d2038fc399a085522134c915db2298d1acad94292a48b1b5b673ae5fd314d8e821c2e260911562c5e625572159194ac64962415b1941dc3b43656a3436231b3e2a0d15845d4e8a8a4121c4e1a3930a24891c966499d98b82fb2e0f688b9d97b775a5b47e8b6430e2648999addac44fae9ae086ec1918b2ed0362d0705e9161c589974968dc4c93a471032ac5ac9e38b2039a4123031c8bb4dc5ee395b7647453d2bcd8a4d4ccaa3179d162d4c2d3bcf9c91648b322215b6d667036eed86bd2317a7d32398a39b12e118a24704b95c806c9ac29905f76fe35c37437a15360f19d7ce154cac925e36d5616285dedffeb88e490e50a593b4a0d8de832ba53d238f46e3121d2666c4e16584344ea4a857cc448b2c29911d2c56c086238def5dee89685a047c2e4eaeca1a2d480a854ee20002d5a2e90f47a5d2712c5894c2c6a1b36d59318c367dc7bc594eee07755da17a24b845648b113244ce5cc10e48a2526d7118ca5d1765ec1b79344745fa5725d3c3063f033e063c4a89582f6610712f7470e14c715db69503bafc6b763a3f863f6e2d7906e0e299f166fcc198b5bf2ad7f4c7a530e8782395d03234a13551b2a3e5ca4978d0ec7b10a08b8fb57bf021a3e84f47860b00d835c24b88136779ce3357878c9650bab2858b80001b94edb9beead268bf4778dd1738c760a452cce527c1c2c1ad039ed08e59ec1d96ca46602e47e47d03a29d2bc2e9488cb857b95b6b22719648c9dd9979778b8363b7656f28352741ab6d966c4cadeb758920ff00840513ca8adb52a0c3b53a28a8ad3f4a3a4b87d19089f12cc159c222a2e7666b13603dc0ed3b3c455bd1ed32b8e80621229a1463d8eb0a236716fb6a013d9efad3e99e8a68e9a7538dcd3cb33ca2149e690ed619cac4a18640a10dad6036f1b56b9f15a3f0f82c5e034662638e7116215619277ec48014608656ec9bded9765ec7be8388f4d73361678b078745c3e1ce18b9d52843234921ce1d87daff00d343f99bdebaf8fa6b864c2e1c8c4a4ba4d302a5a3b96d695873490492282a1b302c36df30b7de20f11a67a3fa674e632f2c06211a2c7ac93345871946d91330b90e7b5d90778e0367218be8ccb1e35b019e37923275b2216d5461466767665165517b9b70e354743e8df4dccd8c9f5932b493c22cf8b9f540ce8e860933156ccea41b0e448beddbdb74cb4ecf8b45ead361a19d52ed0ae2b58248648b592472a4aa9185b6ac5d85c92545b6d79c69de80e2f030f589cc421218abab338639acaa2cbb0b0ed2dec2d7da3756834461249e78e18364d248a91f6b27698d876b86da0ebfa4f2625f039e6386593acc42d879034dd947d811490b1dc8364b282375ee4f75d31c7c0746bca313262f129870a8e668e2cbacca8e32a05675b124ab2906db798e2074134d4520c3a16ce6f26ae2c4a8b0bdf5addb016ec3613bc836bd8db227e86748dd0c6faf78d810c8d8d8d958722a66b1141d6f4334f68f186c3eba1c3e0a431da13a87c51908628daa7b5d5f3dee963f686d3735d8627a41848f64d2e2072578a6c2fe40044bfb8debce3a19e892791d65d2978e3425461838767502ebdb462153313b06dd9c2f7af65c1e022805a18a3847289163ff00b454c8f2ee9961a6c74b062f44458b8b13016018c1d5a3604df3196565beeb1d8c083e2b47745f49c78cfea5828860de601b1587c5cc0c6f2b16d70c8809c85bb4b73717beeb0af5ba29b1e67e913ac9c094d252450e1e4963466c2879151b6b2bba988b15053830becd877569749cc300da33010c987c66b9b0ff00dc747c50d5b308d5d44b2b2a8662c4040b6c9bebd634de8b8b1987930b38cd1c8855b98e21d7bc1008ef15f3b60b1f86d1ba4e16d6b69283085f52d12340c5eeccb190e76059199ae2f7b9df7ab81f419d15291638a75005b2c3161d16dc8078d881f9d4db42ab7fea4b8893ff0091245e5115159982959e24774d53b468cf1df3e462a094cd617b1245ec3755d506a8746305d9be1627282c865413151baca64b902b65040b18b46ab18e48a10780ab29d014e953a029d14e823238552c770049b0b9b017d838d79861ba27369bd207496928de0c1c795707839363ba29b86957ee027691bcdedb85cfa88a75479ef457d154180c71c719de72a59a08ca08c2335eecc41edef36d8057a15145105145141c0f4c3a49261e4c3344c57041a57c7e2123693224790a20700a8ce495efd9b85ea8d27e908413427521f07888d0c7319110a31da5e4019888f2b29b950458efdc3753f42f012001f0cac01bd8bc96bd88da336ddf5b04d0d08160ad622c54cb29041e0417b1a8af3f0f0cfa6ccfad9311898e1d9d4a269e3c2288ec10484659198b3fda8ec339db7158b83d2f78134ae170901c5362a62eb8968525962d63228462e5c48085625422fdad86bd1a0e8ee0d2e570b082c497263562c6f7ccc48258dcef35b1861541645541c90051e54d8f25c5e174bce10e0d99423b4d02bc6e92c0d2164930827906ae5880248258820291b80adbe99c4e1b0586c9a4e2c3e1e5c52eaa7906b31534eaa45e5654b381b8dcc8729000cd615e8f5858ed1304f98c91a97788c46551965086fd95907694768ee3c4d363ccfa31a57439074529c5e3a0be5433a3cd092dbca247b545f71297041208df5c13614e1fa4221888cc9a51123675161fde014b2a65040b8b816bf757d03d19e8f43a361387c3993579cb5a5732589de17828f70af0ad3632f4a3ff00b5c39f1950d5c0f788f51808cb4b32a1625e69f10ea8d236c05d89b0e4001b00b0000b0ac5d05d2fc1e3e568b092198a292ec11d5058dad9980befe17a34df447078e997118988cb2244f1add9b2856cdb725ed9866241e76e42dc37443a3fa434163cc2a8d8bd1b3b85324563918df24ad1deeac2d663b883bcd80a83d5e8a28a80a74a9d015ae3a030867eb5d5a1eb17bebb56b9efeb66b6fefdf5b1a281d3a54503a74a9d50c5145140e9d2a281d3a55ade90e9c87010362272728b0444199e473f6628d78b13fc9d828364185f2dc660012b7da01bd8db96c3e14ebc034fc3a734a89349b43261228e22b0c50868e578da41fdb0abfdc9383166ecec2472af44f4470e33aa34d8e6c4e766c91c78c933f613fea2a950c97248ed137ca0f1aa3bba5452a83168aab5becb7c0dfc53d6fb2df037f15916d1556bbd96f81bf8a35decb7c0dfc505d4555aef65be06fe28d7fb2df037f141757ce9d26d9d2627ff00e8e14ffca3afa175decb7c0dfc5799e99f46d2e234a1d24270aa71114a2231484d932f66f6b7ddab8ce0d3d4a8aa8cfecb7c0ffc51aff65be07fe2a6c5d4553aff0065be07fe29ebfd97f81fe5a6d56d3aa75fecb7c0ff002d1aff0065be07f969bc0ba8aa75fecbfc0ffc53d7fb2df03fcb4d8ba8aa7ac7b2ff0003fcb4758f61fe07f969b45f4553d63d87f81fe5a3ac7b0ff03fcb5762fa754758f61fe07f969f59f61fe07f969bc0ba9d51d67d87f81fe5a3acfb0ff03fcb4de05f507895882ca18a9ba12012a775d49dc7bc557d67d87f81fe5a7d67d97f81fe5a6f02ebd154f58f65fe07f968eb3ecbfc0ff2d3781752aa7acfb2ff0003fcb4504337bf8f9519bdf41f9bce83bff33fa5aa28cfdc7870e746b3dfe1487cbe4281f2f91a81eb077f851ac1dfc781e15123f43fade991bffdde7543d68e47c0fbe8d68e478703c7752fe7f6b520377fb7ca825ae1c8f81a35c39371e078546dfa0fd6f411ff009799a096bc726f03fc51af1c9be13fc5448fdfcc5006dfcc7e96a824271c9b87dd3c7f2a3ac0e4df0b7f15151ff8f952b1f2fdef5459d60726e3f75b87e547581c9be16fe2a041dbfeee5c69dbf53cb95a825d60726e1f75b8fe54c620726f85bf8a801faaf2e02900767b97c8d059d617937c27f8a7d60726e3f74f0fcaaaca7c8feb7a654ffdde74168c40e4df09fe28eb03dae1f74f1fcaabcbfafed6a029ff00b7c85059d607b5e07f8a3ac0efe3c0f0aa821b7e4be46f4ca9fd7ccde82dd78eff000346bc77f81aa994edff007798a32febfb5a82cd78efe1c0f1a35e3bfc0d5617ff001f2a597f6fd6f41619c77f81a2a974fde8a09b860010a581beeeea8666f51bcaae93727bdea3595579dbf0dbca8cedf86de5565145571499afb08b73a9b6602e14b0bdb65569f69bdffb9ab5fec0ff00dc1fa5115e76fc36f2a33b7e1b7954e9de82bcedf86de54a39ae6c54a9b71ab6a9ff00a9fedfe282d6bdae066b6f037d433b7e1b7954dfec37fb7f5a7415eb1ff0dbca8d63fe1b7954ef4e82b59ce6ca54a9efab4dedb05fb855127db5f71fdeae3f65bfd26823ac7fc36f2a358ff86de54d0ec1ee152bd04358ff0086de548ce410190adcecbdaacbd53893b53fd5fc50641ee173caaad637e1b79558a7f7fd2ab80f647ba80d637e1b7951ac6fc36f2ab2f4af4153ce46d28c07336ab89ac7c61ecfe62aebd515eb1ff0dbca96b1ff000dbca9c677ff00a9bf534c9a086b1ff0dbca954ef4505ce0155ed588cdbc5f7d4321f5d7e13f354aebccf85175e67c2a2a390faebf09f9a8c87d75f84fcd5316e7e546ceff000a22945209bd8dedb46ee356d815b5ec73022e2fb851d9e67c28ecf7f85151c87d75f80fcd4b567d75f84fcd52baf33e145d799f0a08e43ebafc07e6a80421ae483b0ed1b3970ab6ebccf85175e67c2800015604daf6b1dfc6a3ab3ebafc07e6a95d799f0a2ebccf8504721f5d7e03f353d59f5d7e03f353baf33e1402bccf85054d19cc0921adc865e078126ae500dc136b822f45d799f0a2ebccf85044467d75f80fcd4f567d75f80fcd52ecf33e145d799f0a223ab3ebafc07e6aae5889b1cc1acc0ec057f7356dd799f0a2ebccf85009bf95456220583adbbd0fcd52baf33e145d799f0a2a3ab3ebafc07e6a321f5d7e03f354aebccf852baf33e144553c44afda0dbb6052bfb9a9de9dd799f0a575e67c28a89888bd9c5ae4ed5277f7e6a4633ebafc07e6a95d799f0a0dbbfc288a8a1f5d7e03f351522473f2a5418631e7d5b7bcfd29ae2a43b9001ccb7d2b5865b7b3efda7f21c3f3a86b09dde24d707595bbb9c69bceb961b479fd2aa7d29c97cedfb56a49037f68f97d69172df4a67cb3b31e28d36a3481f57cfe943e92b7ddf3fa56a5013b055daab54eb3b5e70a66ff00533eaf9fd281a48faa2dc4e6fa5613281bfcb79f7540be6dc367214e93b39c29b04d265b72f9dbf3dd436906f547c5f4ad6d8f2f3ab04800e6780a759d99f1c6999fd50fab7fcfe94a4d2d6fbbefdbc7c2b00b58663f69becdf87b5508c8fc87f96a759d9ce14cf4d304fdcff97d2ac1a54e5be5e26ddae0379dd585875b91efb9acd0401736ab8f24ed250852d6d2240072f0beff00a557fd50ded947c5f4ac5c66314016da6e777f9df54a62030b5b7f1a759d98f1c69b48f49137ecf0e7f4a3faa7b3e7f4ad6466cdef045320f2d953acece50a673e9423eeecf7fd291d2a7d5f3fa560b836b91bb67e55347a9d676bce14cf5d2248be5f7edfa50349fb3e7f4ac26b54335bfcdb57acece70a6c8e3cfabe7f4aa9b491f53cfe955e1e6bd4a755236ecef1bc55e93b67f10a4bfa91e2bff2fa545f4911f77673bfebb2b049db6fb4398a929e476d4eb3b6b9429969a418ed0a08e3dadbfa564ae36fc3cfe95ac2a3dc7bb75524daaf695a728e7f8dac9886e0be7f4a2b5a9235b66dfce8a75959cb14c6542de7594985b0df63eebd64816161b2b171129f3af3d6beb7fadfc41d40ded7fcaa6a091b7b2bcb89aa6db2fc6f56fbf6fbf6d15747ddb0512cc1473358ece6aa90ee1cd85369f94d58b1bff82aebdaa83291b0016a693137ddbe8a933d406d373ba939db5099b85012cd7da7f2a8e1d6fb4d63495921b2eee151a6599f2ecdfb0537c4e6d9bad63ceb119ae7c2856dfefaace95ccdb6dde7f5ab236b5bf2a9ca800bdb6e5bfe758e4ecbf70a6b4bbdb2e5720d4c3915562cf687fa4d006c1ee15738670c8cf58ec4a9d878ff00869e7a84cf7b7ed532b867c32865bfe4477d207870e55890359bde36f9d5f7ad619cfd45c143707b27fcb55871240bef1c7eb510d7d8768ac4ce4136efa99f4b8f6b5e504dc767bc7f9ba82fcf61e046efa563c86983c38565a64acdc0ecab18deb1d05d76f036a8231dd7aa8b4c4781fde8a8a3934545f6ffd9, 'white color', 3000, '5', 'available', 1, NULL, 'approved', 2),
(10, 'bajaj iron ', 0xffd8ffe000104a46494600010100000100010000ffdb0084000906070d0c0d0d0d0c0f0c0d0f0d0c0d0d0d0d0d0d0f0d0e0e0d1411171715111414191c2820181a311b1515213d2126292b2e362e171f3c38332c3729302e37010a0a0a0c0c0d0e0c0c0e2b1914192b2c2b2b2b372c2b2b2b2c2b2c2c372c2c2c2b2b2c2b2b2b2b372b2b2b2c2b2c2b2b2b2b2b2b2b2c2c2b2c2b2b2b2b2c372cffc000110800a8012c03012200021101031101ffc4001a000003010101010000000000000000000001020300040506ffc4003810000202020201020307030204070000000102000311120421311341225161051423327181a1334291c1f015525362438292a2b1b2d1ffc40017010101010100000000000000000000000000010302ffc40014110100000000000000000000000000000000ffda000c03010002110311003f00c92e939d0cb219c3a7424b299cea6594ca8ba9955339d4ca0302e0c70d201a1da05f69b691da6de058bc52f225e2978152f10bc917885e0519e4d9e4cbc9b3c0a33c9b3c467932f028cd26cd10b442d018b442d10b442d01cb49968a5a21680c5a216885a216853968a5a4cb442d0285a296932d14b40a1780bc9168a5a05b783791de0da058b452d245a2ed20b6d06d23b41b40fa7532ca67329965328e8532aa673a994568474068e1a403460d03a034db48ed36d02dbc05e47780bca2a5e297912f14bc0a97932f245e2178152f10bc917885e4142f10b49968a5a0396885a2168a5a14c5a2168a5a21680c5a2168a5a21680c5a4cb452d10b4062d10b452d10b4072d10b442d10b40a168a5a4cb452d02bb41b496d06d02bb405a4b6836815da0da4b683681f5aa6554ce656955681d2a63ab4e756940d03a03460d39c346da116da6da4b68368152f14bc9168a5a5152f10bc996885a050bc42f265a2168142d10b49968a5a4550b442d10b452d01cb452d10b452d01cb442d14b442d018b442d14b442d0096885a066932d2a096885a296885a03168a5a216885a14e5a296885a296814da0da4f68369053683693da0da05369b692da6cc0fae5695569cca6514c8ae956940d3983470d2a3a0343b488698b40bed06d2bc9e368d700404aad6ac331ed88270001e4e07e9fc4e42d0285a296932d14bc072d10b442d10b4072d10b442d37f696caf440c646dd83d81f2ebcfd44025a2968d52064b9b3fd3ad5c63c126c45efff005190da03968a5a6d0e8d675aaba21efbd98311ff00d0c99680e5a296884c52d01cb452d14b446680c5a2168ce8422d871abbd883bef64084ff000eb205a504b499695e220b6daab2702cb6b4247901980ff590b7a247c891fcc2016885a2b342f5b0ac5bd6a6c358efbd8286f1fa11010b452d2bf685629befa54922abedac138c90ae5413fe27296853168a5a2978bb407da0da2660cc07da0cc4cc19905333664f336607d6ab4aab4e656945691d3a4347067386940d08b03316e8fe9261a1cc0f67ed4008bc960a473b93804312dd2f4303ff0099c5c0f89cae325a9bc28c6497f49b503eb9fe6723584f924f64f673d9f79ab70ac0b2ec0795c95c8fa11e0ffbee547a5f66d41ab66b1469f79e3a65be152d8b0e9b7b0f19f90324975b67ac97ec552ab4bab2ea2970874d47fe19df51818ce7121cbe71b1341ea9059599aeb8dce750428070303e26f6f79cd6722c650aceecabf9559d9957f407c40f51292ff682855cab5eb68007c2692c1b6f96bacf1ebb0a9561e54861919ec763a8df79b02e81ec080e420760b9ce738f19cc81303dd5e307adfd3083d6cbf173fdb5b607201fa200077ec1c89c897021eca9030af97c4f4d19739ad2bbb0180f98504fd733cc2e7e67dc79f63e628b08f048c10c3048f88783faca3d917145bb908cec6de22953761ed423935a676f0de3a7c0fd889c3c9b1aca12cb0967173d7bb76ec9a29018f93839f3f3fd2725b7bb92cecec5800cccc58903c024f9f03fc499638c64e339c7b66077f1ed75e2f27d32c336f1f7d73fd3d2e073f4c951fb8f9ce9b2db47285158cd25c0ae9c7e0d9c7cf4edec72bd97f23ce463af1d6c2bda92a48209048241f23f484726c086b0f60acf9ac3b687ff002f8841bb40ec109281d82b63b299e8feb89dfcebaf5bada2a07d302cf4e90a1aa34004ad98f07e1c37a9e7df33ca263fdeacd3d3f52cf4ff00e9eeda79cfe5ce3cc2bd3beeb979029a06d5123d0a719aafa7d9dc786c8ecb1ec1cf8c749f68730d0b4a715b44d2f65b13a7b53ef77aa6e7fb86aa3a3d766798393604358b2c08739ac3b043faae7122cc7ac93d0c0fa0ce703f727fcc23dee5b32aa2d595adb961eead3aac7ad4719d411ec322cc0ffb4fca73d9c87b795c8438b0d6dc93c5a0a8358b41202aa631f97242e304aa8c1ce2791eb38ce1986405386232bd747e63a1fe2499ce73939ce73ef9f9c0f63ecfe53d9f89ca62c94dfc664bad39296fae9940e7bc7a7ea12be3e1cfb4f1f988c96588e0ab2d8eaca460820f89b93cab2dc1b6cb2c2a085363b3e07d327a91b6d66c6cccdaa851b1270a3c019f03e903d1b3916d14f18f18bd6b621f51ebe8d9c8163035b11e70ba7c1e3041c7c52ff6abb57c6b12acd7f8d57deeaafe14aecb38c995651d28dd6c18f00823ac6278d4f2edab3e9596d7b7e6f4ec64dbf5c1ee456c65cea597652ada923653e54fcc7d207d07339965ff006872e8b0e696bbed0514800569a8b0ab2afb30201dbc939c939391bbf1cd3e966caeeaab1c3e1d6375e63356a1edbd47e71b961a9ef2351a859f3a6c6c96cb6c724b64e493e7bfde14e5da88d5a5b6a23e77ad6c7546c8c1d941c1ea07a3cfe4da2ae2515b10b670d4356807e2bb5b60cb01f9dba00139c606227db16fde11795975cdd650d4d9d8a9c7c5ad4dff004c6d8d4fe4e877906794ce4e3249c0c0c9ce07c846e4726cb4836d965840d41b1d9c85f90c9e8404cc198b98330a6ccd98999b301f33662666cc83ead4ca29905328a672ed706383220c6061160d0ed2598499474b52e2c7ace36afd5d867afc304b77fa2994fb9bf4b94f5080c29dbf10823206318ce3fb739fa4eb6ad4d9c8bdc5e85e9e4b956ac0ad5eda980fc4cf6a4b7581de47eb39bef54fadf7926cdfd4f58d5a0c1b73b637dbf2edf4ce3aefcc2398d2dba275b38acaf7d7c6015fe18498425820f25828fd7389d94f26836536da6d06af443a2229dfd3c01ab1618c851e475f5f138abb82daae738168738f380d994743f01c6f97a40aceb6b6f915b67014e07c47a3f973e0fca73f238cf5825b5c0655c86041d937523e85707f785f92a52e5c1cd96a3af8e80df39fafc43f995b3955d8a6b72e831c62ae103fc55d02b604647471907e9e3be822388fa1b09455d5581627bd8b855e8793a379ebaf3d8839942a2d2cac0fa952b32e4960493df8f1d4ea5e6d0af5323de8b552953035237aebbb33ab2ed8c1c8e8e47f8ef8b977a58b5950cac8be994c65428662a436727a20608f6f3dc232d6a287b581626c15a0ce02fc258b1f9fb63f78fc8e0326ecc6bad45b7568af66ce5ab3f12e40efdbb2003fc490e501c76a75059addf6650751a63a3ec63fda9cd5b8928187e3f2adf8801f0d8fb28e89ef101abe0e2ef4ac6407d1bddb0c7f0d9686750dd7d17c6463de70bf448c8382464783f513d11cda95510b5b6802d40ed5aabd34bd2f5945f88eddb86d7200d7afcc679cb67a6e190e7470c85879c1c8247ede20745bc275d816ab74fcf487fc45f98c7827fed0491f2e8c5b782ebb8daa2f5863654af9b102fe6f6c1c60e40248c1cf83286ea16cf5eb6b77160b6ba9ab042b86d8067dbb51f3c64e3c2c55ba8a99adadad2c56c15d4e8a021752bf13edf101b7cbbc7789502dfb36c53a96abd4f4c59e887cd8535db3e319d7bd739c7b4d6fd9f923d37ab038b4f22cd9f06b56aeb2c5b23fe6b3a0327f780739072d2fc3e8af531181b615541f7c7b7ce4db975e8ff9f7b3894f1caeaba86acd20306ce482b567c744fbf9813fb993963652a81b516966d1db00e1405d8f4c33d75919c64436d06ba2f0e06c391c3c30218146aaf20ab0f2a46a7afa455baa7a92ab59eb353bb23aa0b032be32a46460e57cf79cfb621bf9953d6d4fe22aaad3e8b1552ccd5fac4871b7c396bd8f44e30077e6071555358582ff006a3d87271f0aae4ff020a38b65a3358dbf112bf207c4caec09cf4062b7249e801dcb7d98c7d5d42bbfa955d515ac06b356ad812a3fb88f3afbe31ef3b41ab89c7efd76f5ef2adbd42866a3eef6d6c6b524e48f5bc9c027af626079ff00f0e762a2a7aaedadae926b724258e70a1b201009feef1f59c9c5e3bde48af048087b38fcf6a563ff00758b3b78dcba78a77a8d97b97a09deb14284aee4b75fccc4b16ad07c80cf9cf4785c9e2718bb23f26d2c78e101a6b4d113954dadb1dce5b5a8818eb27fc0739fb35b665f578ff86aed710eccb4856553b10a73dba8caec3cf7804ce7ab885d4bb3d552073587b5885670012aa1412d80ca49030323246443c6b956d367ab6f1d8166aeda9366527d88d87b123cfd3c19e87fc578ec5b0adc664b6c6e2da952bad68f82c7d30c0259b2e411903720635560116fb3db3c5e2d98aec6fb4f91c6b186ae5495e2af907bc6e4e33ee67957588cc5aa528871aab3eec063ddb0327dfc01f49e8f139bc7a9b8e47ae47179ebca4ca216b509a3707e2f85bf04903b1f1609eb27ceb5d5806f851c9c3555d412a550ab8653b79276eb1d63c9ce004f30660cc19853660cc5ccd980d987313336641f52a6514c82994533968b831c1900638320b030e64818732a2a5ce00c9c0ec0cf40fd045262660cc0626026293149950c4c5260262930093149809809950730131731aac165dbf2ec36ef1d67bee10b98099d238cac005752dbe3c8ed4918207eff00e9ed11b8ea31f88bde7c60e3e203befa1de7f406073931499d2dc7503fa8b9cb7fcbd0f63e7c79fe3a8b5d55b0425802558302c061f2da9fd303f8faca3989884ceafbb0c0cd8832324654e0e33df7fb7eb25c9a5176d5c36ba0c75d923b23e7fe9039c9884cc4c42610098b6d8589662589f258927fc9809884c004c42612621303131099898a4c0c4c04c04c04c0398330660cc28e66cc1983301b33662e66cc0fa753280c8031c199b45c18e0c8031c1855730e648187308a666cc9e66cc07cc5262e602654126026293149950c4c04c52602610498331498332a1b6c788a4c52602603131498a4c5265049884cc4c4260626213313109846262133131098189884cc4c526062621309314981898b998c1034d0410a334104069b316181f440ca03200c70666d5606383201a306816061da4b6876814cc1b44da0da114da0da4f6836950e4c5cc52d176950f983313680b4218983310b41b4a1c98a4c52d3bb83c9e2ad1c84baa67b9c7e0383d21c7ffbdc238498a4ce8f568cff004dcf8eb7c7b7710dd4e7fa640f7c3927fdf9ff0023e5dd1026293358464eb9c64eb9f38f6cc9930093109989884c20931099898a4c0c4c42612629300180cc629818c134103413410a304d0403341340f7818e0c8031c199b45818c1a443421a156da1da4b69b6815da0da4f68368457683693da0da54396836932d06d2a29b41b499680b421cb41b4996836950e5a02d1368bb407260262130132862629314980980498a4c04c52610498a4c04c04c0c4c5331301818c530c581a09a081a68268569a09a068609a07b00c60609a70d0c1a36d34d00ed36d34d036d06d0cd081b405a69a00da2ed34d2a06d0169a69500b405a69a10bb4199a6803306669a50098a4cd34004c04c134201301334d001304d34058269a008269a15a08668020866802686681ffd9, '   black coloured steam iron', 200, '5', 'available', 1, NULL, 'approved', 2),
(11, 'william stallings book', 0xffd8ffe000104a46494600010100000100010000ffdb00840009060714120f14140f14141414101515141414141414140f14141414161614141414181c2820181a251c141421312125292b2e2e2e171f3338342c37282d2e2b010a0a0a0e0d0d140f0f142b19141c2c2c2c2c2c2c2b2c2c2c2c2c2c2b2d2c372b2c2e2b2c2c2c372c2b2c372c2b2b2c2e372e2b2c2c2b2b2b372c2b2b2b2b372bffc000110800ac00e603012200021101031101ffc4001b00000203010101000000000000000000000203010406050007ffc4004a10000202000205050a0a07070500000000010200030411050612214113315492d10722325153719193a1d2145261728182a2b1b2c12373a3c2d3e1e3151617333543f042446383b3ffc4001801010101010100000000000000000000000001020304ffc40020110101010002020203010000000000000000011102122141516132718131ffda000c03010002110311003f001511aa20a88c513ceea251180415118a2048118a24010d44208084049021a88100430248108090401240840420200652728604f65003291946e53d9405652088dca0912a14441223488244a14440223888044a12440611a44022542888b611cc20309421845b08e6116c202089e84d3d0a2511aa22d635673686b18a202c62c030231440118b203586a20ac6288120462882043120902481244202046cc9ca18127280b2278886448ca100440611a4412250a220111a60112a164402230c13285111644691166542da2cc698b328534534734534a1644f4f309e9479635628462ce4d9ab1ab12264b4b69ac6fc39b0f8315b05556c980cc0cb7924989352b6c231662062b4bfc4c39eafbd086374c791c3fb3df97afd9add2c609855d21a63a3e1fd9fc486ba534c746a3d1fd68ebf66b76a21acc3ae96d2fc70b4fa3fad1aba5f4af1c255e8feac9d4d6dc08404c58d35a53a1d7e86fe246ae9bd27c704bd57f7e3ad35b2024eccc88d3ba4b8e04756cf7a17f78348f411d5b7b63a8d66cc822654eb163b8e07d96f6453eb4e378e01be816fbb1d69ad6910089906d6fc58e7d1f67ed7f8716dae5881cfa3eefda7e75c75a9ad7b080663db5e2de381bfd0fee451d7d6e382c4755bdd97ad1b2300cc61ee83e3c1e247d5fe504f7444e385c48faa25eb535b168b3321fe21d5c70f881f557b647f885471aaf1f5476cb94d6b5a034ca9ee8186e2b70fa9fce5bd11ad94626de4eadbda209ef972190e7df2e1aedb45346345b4a1667a11912a0563560288d02707448992aedd9d35612188e44782a58f0df90df94d86ccc857593a6ec0ac54f223780a7c5b88239a6b8fb4ad661f175b1c95d49f16793754ef12e2ace7bd3611df8aad1f2a95397da1385a3b59f0760628f6d3b0016209d800eecf64e632fa24cd1b3458e449916d6fa94ecd568c4b7054a5f6c9e036d7bdf64eae034cdeecbb782bebac8ef9d8a161bb765583b47d11d69aeeaac6aa4ab4e3aa6396d807c4d9a3f55b232b690d67c2d0ee9759b2f5d62c650a4928c72ef7e31f349955d90b1ea9ff0039a73934e61b94a6be5576b109ca5637e4e8332581e6e6079cf03e29d6c15a960051d1c30da055836633cb3191de3e58c41253182a1f27df2d574e71ff0007970735e88ab2a9d77a7e4956ca7fe78e072dea88649d0b5256659054658a2b2cb2c5b2ca8accb14c92cb2c5b2cba2abd63c514f4af887a04b6cb14cb348a36e1972f057aa264309581a7085000187cf70c86f03b66ded5dd3178019e9db7e4c38fb926a256b4c5b469116c202ccf49227a51e58d58a58c59c1d0d1307a4a8b9f4bd830ccaafc8839b16032c8736c9e7f64de0994c2ff00ae59fa81f94d70f6954b4ae8fc78552f6e22d51bac5af601cbc6a50e6479f23335a9b5b358eb5549658c8361ecd92b56fef9c06dc5b2dc078e7d81fc13e63f74f9cf729a95adbc300c3934dc4023c2335c7978a96796e34360b0f87a4566b6507be66b6bcf6dcf3b358015f6ee97eee46ba5ed47655ad4bb1a5c9dca333926f53cde28daf47a0f00bd7f31d80ea9cd7d9177e88db043f2760604116d4bb441e71b55e5f74e7bad2745e2ce2285b6ab12dadc6ee56b01865b8a92a720479a67add1584c7bedd6aa58d47750e01cb688aae28fb241560de71b8f096a8d056e1abc42d02c153a1d8a69b15f65ca956cb951990ddeeecf3194e7686d19f02c3622ca8d88f656d5a72b4d9b881b29b2cbb812fbf7fc9373f68b7a6f55a9ba8acd36dd5db87a8d7472a9fa1cb883604232e7df99e79cdd07aa789c1e3397c1d8b7ae1d502a8b1035c9667cad4a0b77a573dadfbb3ca6c7569c6130b5d00d6fc92ece62d08cc73ccf7960196f2776733a75fac5b9c5f835b6b1887ac10836c6caeea873877f05b7706965a80ab4869f40b96d3b2b5b46f4adb6acd9e53361b81201ef5fc13901967cfd6d5eee838c169f87d41694c2d9696e4d909b28dada719f3ed15d9d9e063f56f5db0988b69a9abbb0ef70c832d8eb48b0b11b00ab0191cb9c8033394da63b419b6a745c458058bb0db4b55b9a139baed6ced64467c78cbfc190d1fdd48baa07c38e509c256c14b006cc439162aae47c11911bf7cd56b56b15181e48e27682dcfc98655cd57712598f0032cfcd2ba6ac3ed217f835856db6f6ce92a59dc155de18ee55397370111a73572ac4214bf0a8ea332393bec42a72233507200e47c727805a0b4fd38da9acc3924239460c365c30c88cc788820830eac6d76edf26e8fc99d87d96076586f2ad973199bd01ab5f00cb926c4d7b49b36e752df5d8413b0d9216d8c81237659e7c26771ba0edafe16b86babb131c8e5958f20c9607db002bef6dacd973e1339355f4578b69f2b3a034a293b2eedb46804a58841d8de0e798c82f31f1e5be7d20e3f21dfa5c08cb33c93119f1f0338bc710f6114d1474955c5c0f9c190fda02797128de0ba9f3303f9c0968b68d314d348af7734c668819e9bc4fc94a8f624d9ddcd31ba077e98c61f1220f624d44ad6b45b4618b680a33d3cd3d28158d58a58d59e774304ca613fd72cfd40fca6a84c8d085b4ddbb2c57f423780a4f0f8c0cd71f695b3b3c13e63f719f3dee49fe6dff00ab4fc466dadc10d86db6b1fbd3cf6301cc7fe94c84c1f72bc3abd97ed67b9132c99948ef8f1520cbc7f1a97fd8facd71ca673530647816da3e4256c1f6c13ed8d54b8733d6df390a9f486fca61a74923539fb67356eb873d4adf32cc8fa1c0fbe3971f978755cbf5038fd9968c1d5c811bc03e7df05b4361dc82d4d64ab070764290ff001815df9ef94ead2b51e77cbe7ab27e2027430f8c43e0ba1f33032c155353f0a0d66b46acd0ef657b0ec423d99ede4afb4323b477652fb683f8ac37f8eb5427c5df5250cb35d9e2e3c4468c41e2786e3bbb26b5147e097aef4b48cb8728fb232f92d0f2adaf8b5e01fd51fb8a4eab5de3df12f6468e259a4af1e1547cfb0f97a6bdb95afd339f87583e762bff00d556771de577690675b138763fe4907c686a27d353e72795ac7816626bf3adccbf6d184eb5d4ab784aa7ce01951b01579341e61b3f74a8a4d8c23fee10feb6bd93ec2bf74459686e7185b3eb007da0cbcda39387283cd6da3d9b594af668d07fdc7fac2a7fc486582a9a070c39f3d5728f607580c72e989f472a3f7e35b45788a1f3d35feee512da2c8e6d8faa6e4fc364d215762376fbed1f3a900fa4d533baa873d278d21b6b7277c72ccfa001c2686ec2da077a48f35f61f63ab4cfea703f0fc716de734073209e3c4003d935e91b0316d18629e40b33d21a7a6902b1ab12a6354cf3ba98265703feb777ea47e53520cc35fa62ac3698b9ee2429ad546c8da39e4384d71f695bdbcf78df35bee33e7fdc8cfe9711f32bfc46762dd7cc1946019f32a40fd19e720cca773ed3b4e11ee38862a2c540b9296e6249e6f3cd4972a5be5f6448d59904ee8381f28fea9fb2357ba0e07cab7aab3b273eb7e175ae531a8664abd7ec09ff0078faab7dd8f4d7bc0f963eaedf763adf85d6b11a79b0e8de1221f3a83f94cca6bce07cb7d8b3dd8f4d76c17971d4b3b232fc23be34753c100f9a593f0110be06385970f35ce7f113384bae983e17af55fdd8c1ae383f2ebd56ec8caaeb9c3bf0bed1e75a9bf72414b8735c0fcead7f7489c9fef960ba427a1bdd9075c305d213ed764b951d26177c7acffeb61fbd14ed77fe23d71db39c75c307d22bf49ec8b6d6ec1749afd27b232fc1abecf77c5abaefee45b5b7793afe8b4fe6928b6b6e0fa4d5d68075b307d26aeb4b95175afb7c92fd168fcd62ce26cf227d657291d6bc1f49a7ae209d6ac1f49a7ae26b3e9170e25fc8b7d0f57bd16d8a6f23675aaf7e543ad183e934f5c403acd84e914f5d65c43afc59cb7d36feccfdcf333a9cd9e331cd9119baee3cfc79e76add62c291bb1151faeb387a8f606c463594821ac1911bc11bf9a6bd0d71314c61b18b630018cf4833d2a16ad18a6256304f3ba9ea62ecc2d6c7364463e364527d244248c101234753e46af569d90bfb2a8f234fab4ec9616188f28ac34361cf3d14faa4ec85fd85853cf86a3d52764b6b18236aa88d5ec2745c3fa9afb218d5dc2745c3fa9afb25f06188da8e78d5bc1f45c3faa4ec86356f07d168f56b2fe7081936ab9e356b07d1a9ea093fddbc1f46a7ab3a19c906368e69d59c1f46ababfce01d57c1745abaa7b67573919cbb4721b55705d16af41ed8b6d53c1745abd07b67698c0265da8e21d52c1746abd07b609d51c1746afed76ced9304cbb51c26d51c1746afed76c59d51c17474fb5db3bc6019ada8e0b6a8e0ba3a7a5bb62db54307d1d3d2fef4ef98065d467cea860fc82f59fde97746e8aa70e18508136f22d91639e5cdce65f68b69a10cd16c61318b630059a7a0319e810b1ab12a6354ce2e86ac608a53180c06ac608a5318a610c58c1140c60322982183140c2ce0341939c583081901e7273800c9ce01673d073919ca8326013209904ca8f402649300994413009924c0266910601844c5932c02c62c986c62c995024c5b1844c5b194034890c64c085318a6214c6299c5d1614c6298853180c07298c5312a6183087830c1890618680d06183120c20630381939c486841a40ece7b38ada93b52866720b45e73db508667049819c12d2e0326093049824ca249804c8260932a2498b633c4c026510c60319e6316c651e6314c64b18b669510c67a2d8cf40806354caea635672ae8b0ad18a6214c629829ca630188530c1910f06183100c3060381920c4830b380e0d276a281939ca1bb53d9c5e73d9c21b9c8ce06720980c26096819c826507b5049824c0265064c02641303395125a016904c02651e262d8cf318b260798c53192c62d8ca8f133d16c6440ffd9, '   new book', 300, '6', 'available', 1, NULL, 'approved', 1),
(12, 'wireless book', 0xffd8ffe000104a46494600010100000100010000ffdb008400090607100f1215101210121515151717151715151516151515151515161715171515181d2920181a251d151721312125292b2e2e2e171f3338332c37282d2e2b010a0a0a0e0d0e1a10101a2b1f1f1d2b2d2d2d2d2b2d2d2e312b2d2d2d2d2d2d2d2b2d372b2f2d2d2d2d2d2d2d302d2f372d2d2b2d2d2d2d2b2d2d2d2d2d2b2f2bffc000110800e100e103012200021101031101ffc4001c0000000701010000000000000000000000000203040506080701ffc4004c1000010302020507040e0807000301000001000203041105210612314161071322517181913273b2d1142333354252546293a1b1c1c2d2151653557282a2f02434436392b3e14583a308ffc4001a010101000301010000000000000000000000010203040506ffc40032110002010303020306040700000000000000010203041112213105411351a106223281c1d1147191b12452616272e1f0ffda000c03010002110311003f00ee017abc59ef4eb4cb128310aa862ad998c649aad68d5b346ab4d85c71552c8342a0b2efebee2ffbc27fe8fca87ebe62ff00bc27fe8fcaae9264d4482cbbfaf98bfef09ffa3f2af7f5f316fde13ff4fe54d2326a14165efd7bc5ff00784ffd1f957bfaf78b7ef09ffa3f2a691935020b307ebde2dfbc27f16fe543f5ef16fde13f8b7f2a691934fa0b308d3bc5bf784ffd3f951869de2df2f9fc5bf95348c9a6d7ab3653697e332f935b3dbaeed03c6c8d59a638b42e0d3884c4d81cb577df87058e56719dcdff0087aaa9f8ae2f4f99a45059a069d62bf2f9bc5bea43f5e315f97cde2df52cb49a326974166b1a6f8afcbe6f16fa97a34db14f97cde2df529a4a6934166efd75c53e5f378b7d4bd1a698afcba6f16fa9300d2082ce434d314f974de2df52519a6989efad9bc5bea4c0344a0b3c7eb9e25f2d9bc47a97a34cf13f964de23d49806864167afd72c4be5b3788f52f3f5cb12f96cde23d498068641701a0d30c45d2c6d359290646022e3305c011b177e5004410410060b2ef28fefa5679efc0c5a882cbdca47be959e7bf035651232b64a174178b61035d7a8abd401829ad1dd17adc41d6a780b9bb0caee844ded90edec6dcf04868d554514ec32d2c5500bd80366d7d56ddc01b35ae0d71cfe1072d3d50c1180d680d681601a0000700362990715d2ae4de3c330f7d4c950e9670f8da037a31343de01b0f29c6c7693dcb9d2eddcaed4df0f7b7fdc8bea75d7104099edd4c612ca575bdb03ddf15dd1cf8377a86ba71873473d19f9df715a6b45b8ecf07a3d36ac615e2a5052cb4b7ec5bda00d8abf8e9f6efe51f7ab0055cc6cfb71ec6fd8b8ad7e33eabda1dacf1fd50cc14e61a395f9b58e23af60fad27475cc88dcc05eeeb2e16ee0a569b4863710d7b5d1df204d88f11b17554ab28f08f9db1b0b6ab8f16aa4df65f7647cb4ef6794d23b7678a2056a2d04588b83bbad572b21d47960eb16efd9727b54a35fc4d999755e93f834a71798bf4136a56361710d68249c8000924f50033255c303d02e71a259aa19aa7e0c2e6c87be4cda3bafdaadf855253d1e50c4d69deedaf3daf3995d183c5c9c83b88e04588e041d851c23551bc921f9eff004ca2050070bd08a118200c82f17a807386fbb45e723f4dab4d2ccb867bb45e723f4dab4d28ca11041050060b2ef291efa5679dfc0d5a882cb9ca47be95be7bf031651232b8829ed1ad0dafc4b3a784ea6f95e75621fcdf0bbaeba1e1dc94c34e35aa1c677f579310ec6ed777f82d84394e1f874d506d130b80daed8c1daefb8669a82bb754e1c236901a0003200580cba82e1ecd83b1403dc205e787cec7e985a9b152b2de083fc4c1e7a2ff00b1ab52e2814ee47c1cc39567ff008323fdc8fed2b8f2ebdcac3bfc27ff006b3f12e437593e423d4eb0bf768ff88fa253409e613eef1f69f45cb555f819d962b3734ffc97ee5b5567193edceeef442b22ac62c7db9fda3d10b86d17bff23ebbda47fc2a5fdcbea370bc9580820a00a56084c8e0c6ed3f50de4aef93491f154e129c9463cb2cf853c9863276ea37ec50d8949ad2b88ebb780b7dca56baa840c0d6edb6ab4755b2bf6055f0b92da1bb91f4bd7ee52a70b74f2d6eff0041c53543e23ad1bdcc3d6d25a7ea5d5a679bdd7245d71ced9dcbb627cb3396cfe5bff8dfe915e046a9f7493ce49e9b93fc3703a9a81acc88eafc67745bdc4edeebac4a3008c14dcba293b45cbd83b1a5df5dc28aaaa09a2dcd7f6745ddc0e47c426009a0938260fbdaf719107220f511b92a8071867bb45e723f4c2d34b32e183dba2f391fa6d5a6946508820828030596f948f7d2b47fbdf818b520596b947f7d6b7cf7e062ca2464ee88729f8852ba385ee6cf15dac0d9059ed6921b6648dcff00e575a0ea210e1b1647c245e78875c91fa616be2acb6053f1ca1b35d97c13f61599a3d83b02d658f45789e7e6bbd12b2647b0760fb1679c98a24b47c7f8aa71d73c23ff00d1ab45e98e96d0d082269c6bee899d390ff28f24717582ce984615515075e201ad6105d3bdc2286220e45d33ac010770b9ea0add47a11452ff00f354f24aecc88cb1d771db62e9359fdb6589591ba61a66ec40736d883220e0e173acf245ed73b06dd9f5aaaab6e35a0b24172c99b2702dd43dc6e47d8aa6f6904822c46441da0aa102e97a09db1cad7baf617bd85ce6d207da9baf56328ea583652a8e94d4e3ca7924eaf1b95f9306a0ebdae3f704c01eb24f1399f1440549e1b84be5e93aed67d6eecf5ad58852593b9d4bbea3570db93f45f61b5340f90eab05cfd43b4ee538d6328e3d63d279cbb4f50ea036a7d4f03631aad000fef69de8ef8c3b2201ed175c752beb78ec7d45974656d0724d3a8d6cdf0bf22ad24ae7b8b9c6e4ff00761c17a14a621253b3a2236b9fd43203f888fb14502bb29cf52d960f94bfb7746a3529a9bef8fa8a05d5cb80b5fa82e4ed5d3ea5c2c0f01f62dd13819cf2abdd25f3927a6e52547a45591793512586e710f1e0f0545cc7a7279c93d372f02c4a5ca874d9cee8d444d23e3c6355c38969c8f7593bc4a99923449190e63b3047f791e0a8aae1a1a4be29587635cd2386b020fa216517d8c595fc6e8351ad9c645ae6b1dc58f3aa2fd8e2df129a8563d2c686c1a9bdef8c0fe57879fa9855700525b32ae073868f6e8bce47e9b569859a70d1edd179c8fd36ad2cb032088208200c1659e523df5adf3df818b5305967949f7d6b7cf7e062ca246456042f5300ff007a2f4dab5e2c8ba3bfe6a9fcfc5ff6356ba56610cb181ed12f9b7fa0564ec0284d4cd0c03fd4735bd83e11ee173dcb58e347fc3cc7fda93d02b36f24f007d7c648f22291ff00d1a9f8d20464972ab54d0ea7a48c06c7134bf50640171d56e5d8d778aa1156ce539a7d9b73b0c6cb7739f755259322e0b6e8b6332381a691c5c00bb093722db5b7eab663aaca27485804b7eb173da09090c09c44eced3e8b92ba44ef6d03a9a3ed2852397a11015ea803af5a389f129d619864d53afcd343b9b6ebbba4d1d1e1739f604b4582d4bb310bcf4627eef227716c4e39e40916beedf651a4cca3271e1e0622ff0019dff277ad1dbadf1dff00f277ad3e93059d85a1ed0dd773580ebb5c03a4607b038b09d525a43803b4211e0f50e21ad8c9d6d6d5702dd421b1b64710fbeaea863daebded67058e98f91b3c6a9fccff0051ab45928d2920528d54d6280ae9b502ed6ff08fb1730bf8ec0379276003ad77fd1fd1c6f36d9ea86ab5ac0751fd1b00d17325f60e07bfa954f043864be5c9e71fe9940294d2cf62fb2e63486f0975dbb6d72017eadf32dd6d6b702a28150070ba0688d1f334a64764653ad9fc41934fda7b0aae6058187fb7cfd085bd2cf22f03ec6f1f04ae906913aa3daa3e8c5b3a8bc0d971f05bc3c7a955b6e47b8d31ec40544b76f90cb86fce27ca77d8076714c0228460a3792a1de1beed179c8fd36ad2ab3561beed179c8fd36ad2ab1284410410060b2cf295efad6f9efc0c5a982cb3ca57beb5be7bf0316512323346ff00cdd379f87fec6ad744ac79865508668a520911c8c7903690c787102fbf2579d28e57710abbb20b52c7f33a5291c6423a3fca011d65592c83b1e9ae93d1d1412327a8631ef8de1b1f95238b9a40b31b736b919dacb82f25958d86be30e36e7237c3fcce01cdf12c03bd55a595cf25ce71738e65ce25ce27ac939928ac796904120820823220837041dc555b10eadca0609ec9008ca465f549d841b5da7ab62e5b3c2f8ddaaf69691b8ff79ab8d3e9fb9ec0ca888b9c05b9c65ba5c5cd3903d87b8286c5b1d64c086c5b77bed971006fef55844661d5422903c8bdaf95edb411f7a7547495188d408a18cbe490f4582c2c00cee4d80006649515752ba33a413e1b50daa80b75da0b4873759ae63adacd3bc5ec33041c94037c4f0f9a9647413c4e8e46ed6b858f0237107711914d815df70ec6f08d288853d430475205c309b4ac36cdd4f2dba6de1e2d5cc74e393dabc28992dcf53df299a3c91b84cdf8078f927ac5eca64a57f0cc5a6a6d7e69c1bce00d7ddad70736f72d21c082d3bc6c23229f334aeb016b84bd26bb59aed56dc0bbc865ff0067ed8f1a9e4d9c45aca06ebd050169c3749d967b6a60d70e11d9d0bb99903a26734c7178b9368eedcade53baca3d7696bc97474f1b62a72c11885dd3e8f33ccb839d96d04ecb6c6defaaaa81ca77447077564a4961745102e7d8917cb26eb5c6af5937d996d21404604ef0fa496a246c30c6e9247e4d63769ebe0071390dea4706d1a9712aa741421ce8daece67f911b3e33dc0677cf540cc8b7123aeb1b8668b53fed2a241c39e988ff00ae207bbb49ce011d17d0da3c122f67d7c8c74cd17d639b2227e0c22d77c9bb5ad7ea033549d38d3c9b1226366b454e0e51dfa525b63a5236ff000ec1c76a81d25d26a9c4a5e7677e42fa91b7c88c75346f3d6e399f00185118f5873bafabbc300d63c33392147586e1f354bb5226171df6d8075b8ec015f709d0b64035e6b48fdb6b741bddf08f13e090c1b4ce82998236413340ea6b36f5925f727895212728346e1ee73ffc59f9d54421b4b292a25b06b9bcd8ccb092dbbbac900dedb864aa3212cc9cd70fea1fd3756dc4b4a69e51d16c83b437f32aa57d587bacd073c8019b9c78055e319114dbc23c8a56bb6381efcfc12ad4f2970675ba4e0d276802e7bdd74e1d847c57e7c47a973f8d0cf27a8ba45de9d5a7d50db0df768bce47e985a5566cc3d844f182331232ff00f30b49ada79ad34f0c220820840c1660d3ca532e2f58c1fb6b93d435199ad3eb3c693463f4957bb799eddc18d5854a9a22da3d0e9768aeae634e5c77f910f150c31b7c86e5b5ce009ed24ec4c64c428ef6e6daee223164a6923888ac3617007b15697350a5e22d526cf7fabdfab3a8a851a71d967745b69a1a695bacd8e323f84037e3d4a0f19c3b98702dcd8ed9c0f514ef45c9f6ceae8f8f4948638d0607df70047682162a4e955d39ca3754b7a57dd3bc77151924decb1c7dca9dd79745257975e8e4f890f75e5d16ebcba01563cb487024106e08241046c208cc1e2bab68672c2f89bec7c458e9d96d51300d2fb1f832b4d83c5be16debbed5c92ebd0540756c5f43e8315d79b079047301aeea393a0d7b7e3407601d84b76792b9ad653490bdd14ac732461b398f16734f11fddd7b8562b352bdb244f2d2d370412d2d3d6d70f24fd47782158b1ad289f1421d511c52ea34375edcd3e3033bbded3903637f826d900724056618dd239b1b05dce3603d7d406dee5d124aa14d411e1adbb1b2b8be57443dbe761cb7df54b882013701bb8e4a262a138643fa45f4ee619006d3079716c85ec3aee2d26e230dcc07748fcdc957eb2b64e71d23ddad339c5ce77c163b7068d971603a9b6005ed7141d263e5206190ba929686286c2cc612e73d8fdf24e722e77036277d82e755f884b5323a69a474923f3739db4f570006e032098075f3249273249b924ed24ef29469500bb5c95694dda52ad2805c14a3522d29469402a12b4323a225c030b8fc2702481d433c87da90695eba4370d682e73b20d1b4ff00e2c24935b9ba84ea4269d3e47f262b5005da587816e47bc1ba99c1b11153136503549b823a9c36a6106084b46bc9636cc346cef3b7c13fa4c39b0c5cd4448da6e732493992b8ea3a6fe13eb3a7c2fa0dcabbcac719df2221c0d532dfb48fc759b75a2d66da188b278dae198923f4c2d24bae3c23e52e6529559392c36dec110410591a432cdfa53561b8b57464db5a6b8ed0c6e5dff72d201656e52bdf5adf3df81ab19414e2e2ce9b3ba95b568d58f61f5653895858778dbd4771552928a56bf9b2c3adbadb0f107a94ae0f35548474af18da5c01cba81da4a9d2b894e541b8f27d955b5a3d5e11acd3863bb5caff00bb8d30ba3e659abf08e6e3c7abb947e93568b7320e66c5dc00d83bd2989e38d65db19d6775fc16facaad39c49249249cc93b4959d0a3294b5cce2eadd4e8d1a1f83b679db0df92f2fccf095e12bc2bc5dc7c81edd7975e5d0ba1435d7b7445ea0148da5c4340b924003ac936014be0d41cfbcd3b64b31c35e797fd38e288eb39c06fb67671da4d86dce12ffd8dbdcac78c563e087d886c2593564a9d50067b5919b6d767ace3d640dc421091c7749c5486b39c6ba285e1d4f03c3dcdb068607d43df913aad0357c91737debdd30a3a07115147248d73d9cecd0bc74227bdc3a0c7def7bbad6cc1cac46c54e096e79daa19ac7541b86df20780ef3e254286052ad290694a34aa417694ab4a41a528d28070d295694834a55a500b34a529c9638b9a48245891b6c3726dae6e1ad05ce3b1a369ff00c52edc2640c06e0bb7b47dc77ad739c56ccecb6b6b8a89ce8a7eef7425ecd9c66d99d7e20381edc94ae038b1a80e0e686be336701b0df610a0a46cb70c6c6e2f395ac401c493b029bc2a81b48c73deebb9d9bddbafb8342e7aca18db93dae933bad6e551bd0b9d5fec7f50d1ce40edfceb077178f52d00b37b2b4cb34236344b1d86ff002db995a416ea51718e19e4f53af4eb5c4a74f8fdc220820b61c01965ae511ed6e2f5a5ccd71cf7937b0f219b725a942cabca67beb5be7bf03154b3b1632716a4bb0c24d207dacc8d8df136ecb5947d5574b2e4f7923a8643c026ee36522701aa103aa5d13991b6d9bc6a976b10d1aad39919edd8b154611dd23aeb751b9acb4ce6f1e5c2f42309b25850cc46b086523ac46f23c40b2b368ae3d86d210e968657c83fd42f64841f98c70686fdbc5747c374ab0baeb46c9b52439064a39b249dc09e893c01599c47093d5bc6e5e12bade94e8dc72121cccf3b387940f6fdcb9562148e824744edad36edde08ed051a09e4417975e20850c0a17454f30aa1351208c10d162e7bc8e8c71b45def77003c4d86f4048e0918a761af9003aae2ca763b3124e0025f6dec8ee09e25a144be42e25ce24b89249399249b924f5929de338809de03016c31b79b8587e0b01bdcfcf71bb9c7acf009882a00e0a304408c1520a0294694904708059a956948b528d28070c2956948352ad280738754181e5e1a1c1db47c2cbe29fb959293118a4d8f00fc57745de076f75d561a8e168a94233793d7b1eb15ad63a30a51f22d73d5b183337e03327b0283aaac74a6e77123573e891b467bd24c3cdb39db664eac60ef71dfd805c9ec2918ecdb36f726e73dae3f089ef3f5a53a2a0637dd56add7bbf0c7c97d47d859f6e8bcec7e985a79661c33dda1f3b1fa6d5a796d3cb088208200c1655e533df5adf3df81ab550595394cf7d6b7cf7e06aca24674ae42f45e965a5756cb0b2494cae631ce1adcdb5800e8839024939ed56dd3cd1835347511462ef746e2c1d6f6f49a3bc803bd54bff00e7bc6d8629a85c407b5fcf307c66b800fb7611f5aebf236e11f21a316b81191041191076823683c508a2748e6b1a2ee710d6b7adce3603bc95a7348b930c36be43349139923b373e2796171eb737c9278daea3e3e453081b7d927b66f504c9131a621047474d136a6766b47131af7b9c06b3dad01c73373720ae1da4f8832a6a1f2477d4c9ad245890d1e55b75d76bc5f929c2a1176c2f3fc53487ec21728d38d176d0b9b2444f34f3ab626e58eb5ed7de0807c157c058c95541041432029ac40fb161f620b73af2d7d49eab59d1c00fcdc9cef9d61f054651553a191b2b434b98759bac3586b0d86dbec731c4048bdc5c4924924dc926e493b493bca80f57a888c100608e110230540a047093054de01a33575dee3112d06c64774630778bef398c8027342118d295695d229792f635bedb2bdcedfab66b7b8104fd698d7685451ecd7ff97fe26014a6a59a96c4e28a3718d99b87946f70de1c5df62418500b353fc2a85d5123626efda7a9a36951ed2adb5d0fe8da36c7b2a6ac1d6dc6280794781370d1c5c4fc15010788ced924e87b9c77647c73e9bfbc8b0e038a56be8cc4da571db236777703086fd5f6a4b0aa3e7a58e168da40cb7346dfa81562d3f8751f46d1ba39fd2850109867bb43e763f4dab4f2cc1867bb45e763f4dab4fa14220820a00c1654e533df5adf3df81ab558594f94df7d6b7cf7e06ab1e432070eaf969a46cf0c8e648c376b9bb41f5705dc346b94bc567a7e75d843e66b5b7e798f10b1e00b9204833fe525733e4b3018b10c4a286601d1b43a57b4ec7860e8b4f582e22e37805694c4a16eaead85adab6190b5ad6ecb2c990e238972e758ff0070a5823e2f73e53e03547daa263e597190eb992070f8a6101be20dfeb553d26c0a5c3e7741203604f36fdd232fd1703d96b8dc544a80d25826983716a2151a9a8f6931c8c1980f001e89ea2082a85ca5e748e27748c23c6df795ef25550d8e8662e7000cce249360008d9b4a82d3ed25a79e2f63c2ed73ae1ce70f22cdbe40efcc8d992b9d898dca2817cb7ab043a175ef687734d17cece700e17eb1b935c03188e8ddce7b1c4927c1739f60c1f35babb78ab20e53651b2922ef7b8fdcb1322b757a33571794c6f73814ce5c3a56b4b9c00033da15be874924af9750c0d6800b896b89b0190c88de6ca234ba70d2211c1cefc23eff000571b1325717a1157aa143af4144051820140576fe46bfc8bbcfc9e846b8805dbf918900a237fdb3fd18d082dcaee2d53470d3ba9e53199247b5c4069b80cb81d2077ae5d2e94574b76baa5e6ffc20ff0048c9686c6303a2c40462a63e7044e2f682e21b722c758022e2db8a33b02a785968618d8dd83518d68fa82a88d999b548da08edc92ac5d871ba26349d66820ed04022dd85736d27c359048d74594725fa3f11e33207cd2330381e0ab45c937c9e68ff00b265e7e46fb5c672bec73f681c40dbe0a6314d03c4eb6a249defa6e9bacd1ce3fa31b4da368e87566789277a89c2f4ecd344c863a4686b05bdd7327793d0da4e6a5a9f953959b29187b653f914048e8c683cf4333a59dd0bba05add4738904919f49a3703e29c694e8554e22f82481f08113246b848e734f4cb0822cd3974537c1b4f64ad9844f85ac0438dc3c9b585f784db4eb4b818051d2ce2ef7113966768c34f40483217391033b6592ac8b929d0c623aa6461ec903668dbaec24b1c43db72c240240395ed9db25a6965dc345a687ce47e9b56a258b3208820828030594f94df7dab7cf7e06ad581653e537df6adf3df81aac79033d0cc7dd86d6c55605c3090f6fc68dc2cf038d8dc7101695a5c7e9ab6212c1235ed22f91cc7070dad3c0ac9c5290543e33763dcc3d6d7169f10b321dff004b453b9844fcd967fb96d5feadeb8be3d361c0914f0b9c7e307b9b18ec06f7fa82859e77c86ef7b9e7adce2e3e2524546448f79d76aea6b1d5bdf56e7549eb2365f8a22f578a191e208cd6924000924d8002e493b001bcabde1dc994cf631f34c2326c5d1866b103a8bb5800eb70365087ba2b46da6a4754c996b8321fe06f923bf6f7aa3d654ba691d23b6b8dfb3a8770b0ee5d634ab027cf0b608ded8da08d6c89bb5be4b7b2f9f705ca6be9db148e8daf0f0d36d602c09df6ccf62ac21ba569e07c87558d2e3c13ec1f0933f49d93078bb8056ca7a76463558d007f7b4ae4ad72a1b2dd9eff004de8552ea3e2547a61eaff0022068f46c9ce57dbe6b76f8af31282921bb434bdfd5ae6c3b4fdca7aa18646d98fd5bfc219e5bedc556f11c15f08d70759bbf2b11c48ea5aa9547397bf2f91e9751b18db50c5b515258de4f7fd08d0a670fd21aaa78b9886531b4b8b8ea801c49b03d2da360d8a1da956349c8024f05e81f1e399eae594de496479f9ee73bed29de178ad452b83a09a48c8f88e201ed6ec23810a3da956a10ea785e927e9084f3800999e55b20e1b9c06ee23d6abfa5a00807589196f1b1fa89515a1f21152d03638381ecd527ed013ad2fa905ed841d9d3770c8868fb4f82cb3b131b908d4ab526d4a35625146f6917cb236b83b41e1c128c498476a01de1deed0f9d8fd36ad42b2f61c7dbe1f3b1fa6d5a8546508820828030594f94df7dab7cf7e06ad581654e533df5adf3df81aac79232ae514a390bcb2cc810af118af14650a42f119785402d415b253bc4b13b55edd8eb34917cb2d606c78aebdc9dcf552d3c9595750f730df535ed66b23bebbf2e371fcab9460785495b51152c5e5caf0c1c2fe538f06805c7b1761e58ea62c32861c360363234348ded823001bf173ac38d9c819ca31fd23a8ab9647f3b208dce3ab18710d0cd8d1aa0daf6b5f8dd444116bb9ac1f0881e25152d4520648c79d81c09ecbe6b196706ca4a2e7152e32b25e618831a1ad190160ab9a438939cf3134d9adc9d6de7d415982a763346f8e57120eab897076e37375e6daa4e6dc8fb9f6867569dac6347e17ce3cbb7c82e135ee81e333a84d9c3efed0aec4022c73047882a834d4cf9486b5a4df7ee1daafac018dcce4d199dd60332b65da5958e4e6f66ea5474a71a9f02e33ea52eaa0e6e4732f60d7117cf65f23967b1768d16d09a78206cb1bdb3ba46df9e19820ee67c51f5f5ae3157373923dff0019c4f76e52da3da4f59404fb1e62d69ccb080e8dddac7640f1163c577478593e42be9f125a78cbc176c7793c6b9c5f0b8464ed6917613c2d9b7ece0aa58b68dcd4835a67c03a80792e77f0b35758f8294ade5271199a59fe1e327e1c71383fbb5dee03c1559f239ee2f7b9ce71dae712e71ed273591a45a82b2484ebc6751c416dec0900dafabb81e39a1724924924e6493724f1276a4da956842866a51a8ad08e100708c0af0204201e6187dbe1f3b1fa6d5a8965bc2cfb7c3e763f4dab5228ca1104105006597b948c367762958e6c1339a65b82d89ee046ab76102c56a10bd553c031cfe8aa9f93547d0c9f9514e1353f26a8fa193f2ad9082ba89831bfe89aaf93547d0c9f9579fa22abe4b51f4327e55b2504d430635fd1155f25a8fa193f2af3f44557c96a3e864fcab65a0a64a645c0df88d0c866a78276485a5824e61ee7303adac5976d9ae205af6bd894caae82ba67992486aa47bb32f7c72b9c7b49175b1d04c83191c1eabe4b51f4327e543f43d57c96a3e8a4f52d9a826419330c96b22018fa3a8701b088a4d603ab36e69fbab25397b06a8f6c2ef52d4882d0ede9b79c1eb52eb7794a0a9a9652f3499969b5930d987d4fd13c7d8d4c7127d64c354525435bbc08a424f69d5fa96b34158d1845e5230add5eeeac1c252d9f9248c7630aa9f93547d0c9f9528dc32a7e4d51f4327e55b0105bb27986426e1b53f26a8fa193f2a55986d47c9a7fa193f2ad7082641931986547c9e7fa27fa92a30da8f93cff0044ff0052d5c82641955b86d47c9e6fa27fa92830ca8fd84df46ff52d4c8264197061b51fb09be8dfea4061d51fb09be8dfea5a8d04c8332e1986cfcf44799947b647fe9bede58e0b4d20828022082080f4208208008141040041041001041040041041001041040041041001041040040a0820020820800820820020820800820820020820802a082080ffd9, '   5th edition\r\nnew in condition', 250, '6', 'available', 1, NULL, 'approved', 1);
INSERT INTO `ad` (`ad_id`, `ad_title`, `image`, `description`, `price`, `time_used`, `status`, `s_id`, `post_date`, `flag`, `catid`) VALUES
(13, 'symphony room cooler', 0xffd8ffe000104a46494600010101004800480000ffdb0043000503040404030504040405050506070c08070707070f0b0b090c110f1212110f111113161c1713141a1511111821181a1d1d1f1f1f13172224221e241c1e1f1effdb0043010505050706070e08080e1e1411141e1e1e1e1e1e1e1e1e1e1e1e1e1e1e1e1e1e1e1e1e1e1e1e1e1e1e1e1e1e1e1e1e1e1e1e1e1e1e1e1e1e1e1e1e1e1e1e1e1effc0001108015401ce03012200021101031101ffc4001f0000010501010101010100000000000000000102030405060708090a0bffc400b5100002010303020403050504040000017d01020300041105122131410613516107227114328191a1082342b1c11552d1f02433627282090a161718191a25262728292a3435363738393a434445464748494a535455565758595a636465666768696a737475767778797a838485868788898a92939495969798999aa2a3a4a5a6a7a8a9aab2b3b4b5b6b7b8b9bac2c3c4c5c6c7c8c9cad2d3d4d5d6d7d8d9dae1e2e3e4e5e6e7e8e9eaf1f2f3f4f5f6f7f8f9faffc4001f0100030101010101010101010000000000000102030405060708090a0bffc400b51100020102040403040705040400010277000102031104052131061241510761711322328108144291a1b1c109233352f0156272d10a162434e125f11718191a262728292a35363738393a434445464748494a535455565758595a636465666768696a737475767778797a82838485868788898a92939495969798999aa2a3a4a5a6a7a8a9aab2b3b4b5b6b7b8b9bac2c3c4c5c6c7c8c9cad2d3d4d5d6d7d8d9dae2e3e4e5e6e7e8e9eaf2f3f4f5f6f7f8f9faffda000c03010002110311003f00341be8757d1ed354b6ff005573109141ea33d41fc78ad0453597f07f41bbff008545a06a29fbe173e6844519200958574b16997322b32c7f771907839271c0afd6f078e8d7a11a8dead2bfa9f37521cb268a201a79535a175a65cd981e7a2a9619db904e0fa8a9ac743d46fb67d92ce59779da08438cfd6b5788a6a3ccdab1959ec631069315b37fa0ea369a81b096d5fcf07055549ace9adde195a2906d753820fad542bc27f0bb859adca98a46ab05298508e0d6ea4321a69a9b6d34ad3b8ac404521cd4c5690a55f30c81a9b5394a615aa4c088d21a94a534ad5265111cd21cd49b682b55702bbc5193931464fa9514150460ae41ea0d4c5690ad09a02943696b09061b78a223201540bd7af41536d1e9536da695a71b47440438a4239a98ad215abe6021239e29a413536da6edaa4c087068a976d215a77022e69a454db69a56a94844247fb34dc54e569bb6a9486424518a9b6d26da7cc0458a3152eda4db45c08b1498a936f146da77021228c54bb6936d3b8116da36d48568db45c088ad41259dac8e5a4b68198f5631293f9915736d1b6949465a3d40a1f60b1ff9f2b6ff00bf6bfe147f6758ff00cf95b7fdfa5ff0abdb68db53eca9ff002afb82eccf3a669dff003e169ff7e57fc290e95a69ff00986d99ff00b62bfe157f6d3b6d274697f2afb877665ff636947ae9765ff7e57fc295745d24bffc82ac73ff005eebfe15a7b68db49e1e8bfb0bee41ccccc7d1f4907fe41763c7a5baff008527f63e95ff0040cb2ffbf2bfe15a9b0ff77af4a7a5b4ac84ac6c40eb819a5ec282fb2bee41cccc7fec5d24ff00cc2ecbfefcaff8521d0f473d74ab3ffbf2bfe15b315b4b290b146eec7a05527f9574169e07f105ce9bf6e8ec1c29380aca431f7c56357ea74bf88a2bd6c34e4f63833a0e8dff0040ab2ffbf23fc29a740d18ff00cc2acbfefcaff85755ac689a8e94505fdb343e60cae6b3f65690a385a91e68c22d7a20e692eace7e4f0f68bff40ab4ff00bf42ba6f047c29d0fc48d2c975a4c22145ca327ca09cf3555a3aeefe14ead7b64d73651c02484af980be7ae40ae1cd30b4961a4e9d38dfd11a426efb9e81fb2e6956baafecebe1b86e17a24f82386cf9f21eb5d05d780e68f508efa27458e13bf60c92d8f506b80fd9bfc6d6ba67c12f0de9ab0b09a38a5058fdd2c6673cfa75af57d3bc51a35ec0e6e6f3c99578272719e9f8d7e634238dc3d3e68a7cafe6755574e72b75134ef0be99a9a5d4d35bcaad3919638c803b0e2ba3b4d1f4cb3487ecf6d1a98794f504f04d722fe30d36c676b48ae1e5c0ca4a3ee938e07359b278d6eed733cbe5967ce4755fc29cf098dafa6b6e8823569c16da9e973dac1386206c73d5d386fceb9b1f0ff4096ee6babe80de4b2b06cc8718c7d315c72fc4cbb485961850c84e4161c56ad9f8df57366d7af608d112016dd8504fa511cb730c327caf96fe762feb1426f5573b23a16816f6fb0e93622345c01e42938fcab8ef18f86fc3faa59cf24319b2b953bd982f603d3fc2a9eabe381712248a8e822f9b6f0727dbdaa96a1e2ed4a685e736113dbba7ef2451c8ed5be13058da5353e669faff005733ad5a9cf448f30ba816299d54ee553804ae3f4a876d6ceab3d9dc01e447b0827231ebef541162037632c0fdd3d0d7de53a8dc6ed1e735a9536e4e2a7fecebc31997eccfb073b8af18a9a59849c488b91d0a80bd29bf6cbb48bc95b99447fddde71f953729bb58158a0508c83c11d69a56a77c9e4f5f5a6115ba60425690ad4bb690ad526043b7f2a42b52eda4db55cc3b90e2908a936d26daab8c888a69152eda4c555c08b6d2102a6db4d2b4ee0438a42b5315a6edaab8116da422a5db4d2bc53b810e2908a94ad1b6aae80848a422a5db46da7740425682b526da36d3b811e29bb6a5db46da7cc045b6936d4b8a0ad3e6021db49b6a6db49b69a90116da4db536da36d3e6021db46da9b65376d1cc043b68db536da36d1cc043b68db536da4db4730116dabba5c16f25c2094f24e31daabeda9acf11dcc4c780ac0f15151b717603d0d7c1106b0b6f15bc8c9230f99c26428fe95d8e8df0aaded2ca584ddcaef32005800315b9f0b23b0bbd363ba876b970198fa1af4354503a57e61996798aa73746326923d1a1865357397f0df82f46d22ce0821b68cf943862a324f724d743225bc10e308aa3e9560f02b8ef1a3cd32b431bedc820153cfd0d7850955c655fde4b73aa718d28d923cffe306a1a55ec1359adcc0d28e70c32063d3debc6ecac2eafee7ecd656ef3ca790a8b938af42f1c787238ec84e5d448992ec49cb135adfb3d597fa55e5d4b6ff21daab21f6ea2bf45c2e269e5d96caa537cd6efdcf31a739d99c7784be1e6b5ac6ba961796b3d94406e91d9390bed5efba278034bd3ec62b624cbb171b8819fe55d6c31c4a01555cfa8a9abe3333e22c563a4beca5d11e8d1c2422aef53e31f82e547c2bd17e46dde5bfcdbb8c798ddabb08a678d7036fd0806b92f832b8f85da17bc0fff00a1b575816bebf0497d5a1e8bf23c6aafdf97a885989c96634f209ea588f4adbf09496b15cc867b782672842799d01c75aabad46c2eb707497fda41c67d381cd57b7fde3a7626da5ca525a4d1c42530b18dba376e2905cdc10aad705634c855ed83ed5763d45841e5c83728e403c807159f3c8d29dc428f61570e693f7903b2d8b16f7314478775cf0cdea2b42f356b18b4ff00b3da79eece3e6693a63d3158891b3e71da985687421395d8293482416e572036e27f2aac53d2aceda614ae98bb0880a5215ad7d0eca6bcba582de1f36673b572b9033dce6bbf8fe1797b7266b9ccec036e1c28f515c789cce86164955763585294f58a3c94ad34ad769e29d12c34576b1d8cf7400cbeec007d8572f2c4a9fde27be6baf0f8b8d68f347622517176650db4856ad14a4d95d2a622a95a42b5636506318ce569f38150ad34ad58db4856af980ae5690ad4fb69a56ab980836d215a9f6d215a7cc3b95cad26dab1b69a56ab982e57db4856a7db4856ab982e57db46da98afff00aa8db55cc041b68db536d14ddb4730c836d1b6a7db49b69f308836d1b6a7db49b69f305c876d26da9f68a4db4f980876d26da9f6d1b68e6020db4ddb5676d26da7cc057db46d35636d376d1cc1721db49b2ac84a5d947385cadb68db567655bd234abdd5af92cb4fb57b899ce02a0cfe27d07bd4ceb46117293b240aef4466041ce56b56c3c35ad5e69cfa8c36127d8a2196b87c220c9c0e49c75aee743d06c7c37ac8b5d56d2c6eeed9a3f227bc668ed81cfce1011fbcc71ce31537897c2be2a86e75396d3c4b63a95adc481d2c9660bb919b04018c00a3a76af9bc4f11454d428dadddedf24bf53b21856d5e4749f03375a69d25ac89b6656cc8b90783d0820f4aeabc47e2f5d1afd45c1516b9c121496cd7cc0975e30f04ebad75a55b5ddbc3828c917ef4c7c72a7048183ea2bae9fc6b0f8aeca0791e38efa31978ddb6a9207273d8fb1af12ae5d0c5e31d59bba91af34a9c2d13d8750f88fa608f6c3b896c6dedd6b0ee3c4497a1e636f280064120f35e6715e5bc32c534b6e8cd8ca8619eb5afff000964b2958614518c06f43f4f6aec8e494e8dbd946fe773075dcbe2645e28d66ceee45dcccca8c372b7a8f63d6babf0feb3a7e97a5c02dcc56d1cdf33007d6bcf6fe18af2f9e7b828b1b1e83a9350dc5f43e50b7853110e01619cd7a953010ad4a34d5ecb733551a773dfbc3be2fd3ae58c62e958af079adc9b5ab5ed32e2be528a7b8b597cd82e1d5bd578ab516b5aac49b56ee63dce5ce735e5d6e1284a5cd09e86d1c5b4ac43f0613fe2d66827d6ddbff436aeb765739f05e3ff008b55e1ff00faf627ff001f6aeb3cbae8c1cff710f45f91c957f892f52b0522af5aea33db40218ca850723233f5a8bcba020eff00856f2e59ab4884da1d7d25adcc8d2a2f967390a1001cfd2aa968429021cfa127fc2a52b835195a704a2ac1712268971ba363ea4355ab58ec4b64bb2b0e5559723f1aabb6a4816027f7bb863a11cf34e6aeb71a7a8dbefdf5c3cbf2e0f40800007d05588f41bf92cd6e842d87e5171f330f515aba55a68724e86e6e5c6fc00a38c13dcf15e91e1cd274e8a26885e2de640d808c6dfa62bcbc6667f558a514fee36a7479cc4f85ba15fc1fe95736eb6f1632323e763fe15df6a36cd7564f6e933c25870e87045496508b6b658b3d3d696eaea1b550667da18e057c762f153c4d7753af43d8a54634e9d99e3de2af0b6b52dd35c18e5b99376d2ede9d056745e0bd665916426d008c06721c10b8eb9c57b56a2229ad88652c31c0e467f2af34f16ea773a6ff00a28b096d626e7030467d73debdfc066789ae95385933cfad46107738af1758c36bad4ab6bb4c4d82a17a648191f9d63b44c33918c75adfbfd4e4becb4b1aeee029551c5665dee91ccac3927e95f4f879ce308c67ba38a56bdd19e528d95676d215aebe726e54294c2956cad376d5298154a534a559294852ad4c2e56d94c2a6adeca694aa530b95b65215ab45698569a905cabb690ad592949b2ab982e55d949b4d5ad94dd955cc32beda4db560a526da7cc056db46dab252936d1cc056db46ca9f6d3b6d3e715cadb2936d58d946ca39c2e57d9cd1b6a7d946ca7ce320d946ca9f651b28e715cafb2976558d9cd3e25019491900827f0a4e633534cf06788750b7fb45b69ced1e370270323dab26e34ebbb69de19ad9d5e33b5815e86bda3c2fe2b86f6d62d3ac6ce779dd31b513d3d7d054f6f6d74faa917fa644b12ccb13a86dc0311bb2e40e78ec3bf522be61e7b5e8ce4abc12b6cafa9d51c3a9af74f38f05f806fb5eb9896ee65d360917746d20f9e500e0ec04f35bb6dfdaba3db5be95e1bb492c52eae2495efa6915a50a8c1029036827272179cf18aecef34095f509f54b8d6752b42985569163198b208503d37600c85e7d6b98d564d6b54be8341b8b38eee3b150de688b0448cc486040c20dbd1f6919ebcd78d88cd2ae365ef35cbdba7fc13ba9e1e34f6dce9b46f0123ea46ebc433a6aefb83c4ee0892020e76e49ce08eab5d69d13481a9bdeb699686778c421f6024a7520e78c702b80d3ec7c4f6565a85ff00892eae984aeaa12c4e5ae15400992ab95ebcb753d8576be168f5d948bed662b6b70d0aa47026e69139c9dcc4ff009ef5e1625cdeae77f43aa3dac3ae7c33a05f6a2b7f3e8b6ad204da262a558f3d303155eef41f0b69918c785ed27f3e5f9bcbb2591b71e373647eb5d4552926b4b885d251b93ee112215c93c60645732ad51e8dbb7ab2f9523cff0052d3fc04b7135a37872dad67df80ac163793240ca2025bbff745723afb7c3bb1bc36c747bb5c9c493c17250c0c06487461b93039fbb5d178a347f15497927fc20d10b29a080a29bc9402bb8a90a8431f978ee3dba5703a5fc33f89325e6a1a8f8916def9a56137ef5d5df7646e550a7d00e3a374e0e2bd8a1889d24ad55a5fe27f95cc250527aafc09e7f07da5c6a90c1a46acb08b98fcdb7fed1c279c87a32903bf6ce38aaf178175d9ef3ec9733e9b6aab27942496ed0297cfdd183927dab96b5bbf12685e20bbbad27409eeaeaca45959ee229248e28d4ba099831051b8c60838eb5ea9a0dd5f6b9e1d68e7b6fb745732b948f4c86193c921b7337ef071cb74ebfddaf556778ba71f893f368c2584a6ddec6ef84be13e9364826d4ef4ea0e47291e1631fd4fe95dcd8787741b08fcbb4d22ca35c7685493f5279ae67e1c68d7715e5feab77626cadee245fb243216f382a80374808186e3f2aef6be7b1f8ec456a8f9eab97e0bf03aa8d28456913e4ef8269ff169fc3dff005ec4fe6cd5d76cac2f83ba6dcdbfc1bf0addc89fbab8b32636073d19bafa574bb39afacc1d452a31b3e88f02b26aa4afdcae63a6b4756b654f67a75d5ecbe55a5b3ccf8ce1467815d0eaa8abb7a10936ec8cb31d30a5684d6b2c59f32375c120e46391d454063ff66b48d44d5d015e1b6799bcb8865bb0f5a6bdbc919f9e361f55ab4bbe33f2b60fa8adff000febd6f6900b6d42c16ee30d9dc79383f5acead6a90578c6e38a4dd9bb1ca842391c1ed5d1d8f8b751b1992481106301c119040aebbed9e0abfb100c1140172394c30cd727e29b4d0e1b90da44de6c2472031241fc474ae18e2a18b97b3ab49af55a1b4a0e96b192f91e81a0f8cf4bd48ac4ee609c8ced6e848eb83543c5fe2d860b1ff896caaf2671b860e3b7435e6257072bc7a535c1ce7bd630c930f1abce9e9d8d258da928f2b3526f156bae549be970a738f5fad2eabe269efe1f2a58636ed961eb58e52a3295eaac2504d3514ac73a9cbb90bb309772fcb8e8053242d21cb3649eb9ab0529a63aec4d10562334d2b5676511c0f2308d4316638503b9355ce9014ca534a56f6a3e1ed56c230d73652aa919dc1723f31594f115eab83ef4a9d78545783b838b5b954a530a55bd94dd95b2908abb290a55bd948529f385ca85298533d7a55bd94853daa94c2e54d949b2ad14a6ecaae70b95b6526cab25293653e70b9576526cab7b293cba7ce054d949b2adeca6ecaae70b95b652ecab1b297cba39c2e55d946cab3b297cba39c2e55d946cab5e5d1e5d1ce172aeca36559f2fda9de5d1ce172af966925290c4f2c9c2a8c9aba21ff66bb1f07fc3e9bc4368f717bbed6012611c8c9381cfca47239eb5c78cc7d3c2d2739b36a349d5972a27f838babdc69b2c9a55ba45f6c9024970cfcc112ee05801d5f24614fd6bd334ff000ed9e939ba49e693c88c088cee5fcb500e78f539e4e33ef57343d06c346b182d2c57cb58fe676000695b1825ce3935a9f7373337cbd79e8062bf36c6636588ab29aea7bd4e8a8248f30f10e877bad7882dd67d4a7d4209ff007a74f6b72b00d9cedf33030bcf520926b7fc3ba13787a0babcbc86054562d0db5a6f770a7a82cc73231f4e83b56af88fc4169a76942e235b8bb92e331db456a859e56e7eef1803dcf15cf69179e25b82f3ebd3691a0bca42c6af309258d48e15012006e7927393da93ad5274f97643e549dce86c348b69af8ead34378b3b9caacf31e0631f741c0aba9ab69bfda8da69d4ed4def516fe6287c7b0ce4d42b06ab2b2413ad9fd995764a19ddda404633d001fafe15574ef0ce8d0c6e8fa2d8c4449232b469c90e0827279c91d6b99b4fe265a56d8d4b8be8fcb996cf65ddcc240681255dc09e80e4f15e657de3df13ea3a8a69761a3cfa3ea11dc082e2daead8c81f3b8ab4537dcce0670c31ef5b7ae687ab5888b4bf0a4535bc31c2244926549a00dbc920976f3379e99c90063d2a8dbe8de25bc70fa8359eb7693b99156e50dbde5a29db94057875dc30471f8d74528534b99d9fa99ca52dac65df5d7c51b5d3af6f62d29267242c36b04913dc4440c02f8c29539cf1c8f4aea3c1f61e30fb2dbea97daea4ed3c485ed26886c5ee5b72807763b74abfe1fd22581fceb6bd9cc4910b606e626f382a1e06e7e48e4f5073eb5d1b4b1c463496450ce76ae481938e82aeae27dde4497dc4c60af7d864f676d7273756b04ad8032e81b80720723d6a4861861cf9514699c676a819f4ac0f10f8a6c3492b0979ef2f643886c6d22f32e24ff80ff08f7381525aebc469d25e6a1a7df5920fbab3aa6f2dd02aaab124e7a57272499af3176e6ff4c8752659b5158a78212f24666c2a271f338ce07b1359ff00db90476dba09e4685582ac8ea6677c827ee83951f5c1f6ae57c4d0da5a5cc175aaea56d6708dd35ae9d232e67b83c89ee33b41dbd707e5079e4d79ef887e39f807c1e1f4fd1ac1f58984e7cf16afb62ce397f306771278c0e062b554e2a379325b6de85ff80b7fa75b7c09f0d5b49ba59e4b41bb70ddb54b31c0cf4ad0914190ed185cf02bc23e0b7c447b4f09695a6185af2ded23f266895944918dc791939c735eb09e39f0bcc8ad69793bee3ca343b5c60e0f7c1c1eb5f6183c1ca9d28ca1af324f4d7a1e25784f99dd1d1da5bc534eb1cb3794848058ae715dfe85a8697a75e2e91636cedbf9f389037135e7a93db49e5f957303f983726c915b70f6c1ab45e53279a5db78fe2ef5862f0ff585693d3f522955745dd2d4f5bbab1b4bbb7305c411c91139da4719f5acdb2f0b68969379d1d9a96ddb977b160bf4cd70d6baeeaf6c8162bd7da3a03f37f3ab49e2cd6c15ccd1b053920a0191e9c578eb2dc54138c27a7ab3bfeb94256728ebf23b3d4b43d124b49fed1670448df33c8a0291ef9af31d534cb317ec9a74cf25beeda091935bba8f8a2f2facdade445556186c0eb4cf0f4d632931dedb29da43280c46e6e806075aebc253af84839cdb7e5b9cf5ea53ad24a2ac626a9a2496861f28b4fe60e06cc115bba4780ae2e60f3750b8fb36e19545505bf1e715d9cb258c33a5c5caba129c02990077e95774fbeb5be88bdac8aeaa707dab9ab66d8974d722b7766f47094f9fde7f23cbb54f06ea1636735d1746546c2a007732faf1d2b9d922653864653e85715efa403d466b9bf12f862df5695251fba64fee80322b7c2676ef6adf7935f01caaf4cf22294d31d745a9f87af6d257dd1af96a4fcddb8ac631d7d052c446a2bc5dcf39c5c74653294f307c8087539eddeac3474d31d6dce246968be196d415256b958a263b4b01bb07f0abdadf83353d12dcdfdbdc25c221e76a90c07a9ac7b3babab424c133203d40e86b5cf8a75396c9ad2e8acd130c7a1af3aafd6fda2709271eabc8da12a5cb66b513c35e25d42de690dc87bb813e6651d40e9d3d29be24bad2b5a965ba88ac32a47c0d8067dab2acaf67b332f93b57cc0549dbce0f6aa808126ed8b9fd3f2ad56161ed5d48ab3f2ff217b57cbcaca052a5b7b0b9b919b785a5c1c10a327f2ab77263970561589bf880e86ba3d075bb4d3f4fd91c68b33261c91ce47706ba6be22a4217846ec88462dd9b38d9eda486431ca8cac3a83d4545b2b7b549e1ba0bf3b3c993b988e71db9acf114624224dc57b115b53acdc6f25a92d2be850d94c2957648769fd41a698eb655092914a4d9570c74df2eaf9c0a85293655af2e8f2eab9c0abb28d9567cbf6a0c7473814f651b2adf96293cba7ce2655d9479756bcba5f2e8e702a18e8f2eadf974be493d0352f681729eca5f2eae0849fc293caa3da0cadb29f6f0f9b7705b215f327916341eac4e054f6d17da752874e836cb793150b0ef0ac41603773db9aedfc54de1ff00066a3a6411bac32c9feb8a926f1f07200246c54cfde35e663b348e1da8475933af0f84955f79ec757e12f02699a42adc5da2dede027e761f2afd07f8d75b6f2c5346248644910f464208fcc564786f5d8359b7592d23965831f2ce0828ddb39383fa55a8e38ac45c4d1d9471f202ac3fc7e8318c03926be0f135ead79b9557767b94e11a6ad1445e20d72db4848e328f7379386fb35ac4a5a49980ce0000e07b9e0573cbaa47afde5b787b50b4be59d631757de4211140c0e5627607a9f4efdfad5f9fc3d793492eb0b71047adcb16cf31e3df1a2e0e225cfdd5c9e48e4fe95cc78074fd7acf53ba926d5ae6ee41208ee20b6b4548582f0ac2590924e07201f6e2941452d1ea37766ff89346f0ea6bb6bac6ab26a4f3870888b2ca625078f982fca147bf1567c39e14f0cd869b3c1a7d9c1716f752348d3bbf9cd2b1ce49639e9da9fe23b5d3f5b8a2d2756b2799264de61fb495493047ca429f9bd7918157f45d3f47f0fd80d3b4eb586c6d93e728b9099638ce4f524d4b93e5b5d8d0cf0f6830e890c96f6b75792c4c432fda2e1a5653823ab13c56a8593cd0778f2c2e36e3927d73552f352b0b5b649a7bb8a28d8ed4cb81b9bb2807a9f6ae7355f10dde9baac2cfa6df4cd7332a6d571e5dbc2403b8f1cc84ab6235dc4d459c82e91d8e073c75eb40000c0e00ac3d7bc51a4787f48fed4d7ef60d320232a2e1c073fec80392dec33581a1f8bb52f119967b5d2af6c7499633f6596e22315ccedd43229042478fe37c67b0a145b1dcebeeefededad5ae59bcc45566c460bb301d76800963ec2b9e889d6436a4f24d61249816d1dcdbf97246073c80433138e80e31d6a86ad7d7275bb59ad122b99123c34c936e504927608d06f9318c9cb2af735c078d7e23699e1c8e487c43ae5adeea6c1c3436509e141040721b838fe1560bea4d6d18a8eadd8cdbb9e83e2abeb6b6b19d9de2164a639269d58a3a15604b39046541c7ca3e87d2bc1be277ed13aa1b9974ef0b5a590781cac3a94c9e63af62514fcbbb1c67f2ae135df8c9e24ba7d4458f9102dd2bc5e74e8259a388f1b431f9578fee818ed5e62ee7a8dd2301907a9359d4af0e5e589518f5675de2cf1f78a3c4ba1c5a66a37912d9f9824b845f9a4ba980ff5b2b9f998f3c0e157a015c69440393b8838c6ee94e7dce0023680393d4fad452b280a739c8ce0f5fad733a8d949a472fa7dcbdbf97245b95d79dc188cfb715ea3e10f1a68d7b18b3d56da0b1b82fbc489f2c6cc07de247dd35e4e8ecf1c7bce768c2fd0528638c7635f4997e635706d386abaa6724e9a99f4ed9451dd451096e60b579982a09a5da849e41f33ee8f6ce2b5343f1e5f69771358de4eb7bf60223b88e56cbe0f01830ce47bf35e17e04f1b3d8dcd95a6ac8b71a721114caee41d84f041038653dfd38aea75972757fed18dff00b3d536fd9e78b6c86642c30ac0104f5f4afb086634f1b0e6b5d2dd35aaf9ff00c37a9c72a36d19efba6f8eb4ab88bfd26de5b661925b20a8038e3b9aeab4f0350b217d63bae6d989024404ae476af9d74cbb94daca6e4f92c6460cff007973d06327a7b1e6b73c3d7da9e8d079369aaddc69bcb0f2a565e0f38e0f35b55caa3552741dbd7fab9cce9453d4f7ed1f4d86f2e3cab8bb5b6c9c28da59989ec057511782ec42ae6ee72c1b248c0e3d2be735f891adc2268bedf3b4a847922f719209ea1b1baba1d17e2d7882d8a98d2d27d9f7d4b3104f4e79af131393e3e6dba535e9fd235a4a9c3e28dcf76d47c3b01d39e2b6b8b846504a9694b0fc45719a6eaba8694ce2d5d5431f9908041238ae1bc41fb46df68db6297c356f7b33a92162b864c7604820f19a87c3ff0019bc31accd10d67499347bcbe902233dc2c90863eb8c320cf722bcda382c550e6a78885d7c99ae2229da74b43d8078d0ed03ec6d9c0dcc48ebdf8aa1abf8aaf659316737971fd066b1648d320c67208a618eaa9e0b0f17cca2724b13564acd8cbdbfbebb61e75ccac074058e3f2aa452ae7974d31fb57a10718ab4558c6edee416d692dcccb1429966e07615d6695e0495c6ed42e563ff00663e4fe24d7340321041c11c8ab936a5a8ca086bb979f4247f2ae7c42af3d294ac6b4a54e2ef3573a2bef03582d9b1b7ba71328e0b91b73ef8ae7a5f08eae0298e149431c655c71ee7daa18afaf62044772e14f5193cd4725cddb9cb5c4b91d3e7359d1862a9e8ea27ea8a9d4a52da3620d5746bcd39c0b98f00f461c8aa062ad1966b89536cb33baf60cc4ff3a80c75e8539cd2b4dea73bb742934749e5d5d31534c5ed5aaa822a0400e48c8f4a70dab264c6a47606a7f2e93cba7cd70b8288ae0aacdb539ea171d69f3e961a4db68de6fa62a329426e8ce55981f506a355f0b1dd3dc827d36ea28fcc7b7609dcfa7d6a136cde50971f2938cd69a5ccea8ea1dbe7e18e7ad54643570a93ea0edd0a5e5d1e5d5cf2fdbad06223b56bed092918e91a3a75e5dc7637b6d15cd95f4b0cc8d23490a285555382c5dc84033dc9005733ac7c4af02596bb75a5a6ad2b79242ac861cc6c76e480e84a9e78cf43587d76929f237a9b2c35471e64b43a1f2e8f2a8f0f5f5a788ada39f429175012642ac2c0b0603254ff007481d735c87883e2168ba5a3333ea1f6953e52db8b647899b7005cc81b3b40edd4e45554c753a6d26c74f0d52a26d23b0f2e9de5d51f09ebfa5788e516d05d4505c6f446491fe405b1b70e38393f88ef8ad65f28dc4f6e9246d2c12149554e4ab038e4568abc5bb26652a5282bb457f2e94467f0ab7e554772f0dadbb5c5c3ec8d0659aa9d4212bbb1008aaee99a0eafad0963d16085e44e1a5998ac5193ea40e4fb55eb2f0bea1aa899cbb45a5476cf70b7b6589cdd02ac0c4aa47de0476efd0d68f877481a6698dab58f8b754b84b176586cafae56d2dfcee415703fda04f5c57878cce54538d1dfb9eae1f00dda553ee3a7f0ff00c3fd26d74cb683548a1d42ee121dae0c5e5bf99ce4861f36de7006718ad4f125cf87ec52de0d4acedaea72856dadcc6aee54601c6ee157d589007ad7310f89fc5b0eaf17f6c59e9b63632ca0417125d011cb1e32d80a5896c0caf38ed5e37f123e256ab6be35ba9f474d1af649c282c6133bc49b98243206caee190485efc66be6dc6a5495e72b9ea2d1591e9d63f1361be9a4b6d1dacb4ab6b206210c881bcc6ce01eaa2341d77739faf154ac3e25f85ffb7e692ff5cb9bcb9b60648259d6586dcb9182a88bbb3e8370e9ea7af926ab77f13efeda1bcd5747d426d36f00f9a0844724aacb8de027cc411ebf2f41c0e2b73c33e1af0d6b1a943a7c5e14f18c5a95bdb19c429322ab381946924206067383c7a62adc2093607ae693f197c27a8adb6352b7b17332477715d6edc9bc909b48183938c9e8075acef15f8abc61e15d4ac744b5b36bcb2926ff00908ddbb4d3ceacff00715117e561ce3703c579e69de16d22c34fb4b0ff00846f4fd7b5992e7cdd4e796e55c5a90e33182aca0b6d23299fcebdf7c3daed95ec7e558cf2dc18a4093e554791f2e406006147d338aca5151778ad0a389f0ceb3a0f89f5df3e7d2b59010ca604b8502df0ac079806d5f9b701d3730aefa2d4ee6d6cefaf35454260754f2adb7373c0006e032493f4ad8ca3a910b2100f241e87af6ac1d5343d4aeb535bab7d6ee6d6db72cb2db46aa5a56031b55d8131a9ef8e7dc543927b8bd0e5fc7d69143159cb35a4f7d7f1e2f264b2674732a952aefb084c0c6067e66c003bd67dc6aba7e87676fe3ed7df5dbe7b72d0db412c4d98998b2b148f3c1c7566e8bc7535178ffe2058e9c9abe8ba65959dceabe5f99728fbd6195c850abbc0dcef8f4ecb5e35abea973e02d3e7d375cd622d4ee56e167b6d2d7cdf2959fe72fbbe5257a0e79c8e3a56a97bba8ad73d3bc51a8f84355f11695617b673f89b5a40d730bd92248620c49489083b11411925fa6339ae4be2ff008e2fb4816293eaed3223624d36c2e4c91305da76dcdc7595f079551815e49a578f356d3cdd430395b0ba98c977668be5457639e1cc7870bce300f3deb9af16788e7d5aec5d5df9402208e086089638e241d15401c0e7ebea6b1957e5f841e8757e38f8a7e27f11eeb78ef1b45d302044b0b0631a6d1c00c47cce71eb5c0ceef290ececdfef313d2ab09c9211b73370deff008d47ba492423a608041e00ae594dcb70b934921299112b37e959f24f741cf98eabdf8e0f5e6a495fcacb867918f180bd0fad578ac27d924b23aed63f296fbd497983655b8bc78eecc65a4661808abfc44fbd68c505d795e65d2a9663f2a20cecf5149f6786da50e16362a065f1d0e3b539a4591032b92a0e010dc5569d069d8e7a382d5ece3922bc5126079914aa54827fba470454d289e38a4845ac122019f351371da3f8b20f159a9f747d2a68ae66871e54b2291d30d5ebd39c525a58c5a2536f3468c5f6a95fbc8cc0374cf435bde139ecaedfec3ad6a1343008c8b671ff002c5f39073d40ae71dde476673b98f24d00f73cd6f46b2a73524aebb3d992d5d58f5bb2b88e1d49628fc49b6e54059d2e937472a9e830719fe63d6b7753d564d3278e3b5b3bdbc8305a58c42498941fbc09ebec3f5af17b6d4ef06a0b73e6c6d2b0f2879ea1d02e30073d80ae9fc2fe2bb80eba2ea5752fd977e239e06c18f1fcd6be97079cc3e0f86ef47fe777d7a9cd3a3d4f51b7d46c6f2259627f37cddacb1b70f91c67ad4f25c5c0b39235b9c4822cb3f9409ce78c1e99f6af31d4350b50f00b6d6a29596e15e34546ddbb919253039feb5bb69e271a3822ff00cd98bb9677397894eefbb19277703eb5ecd3cd612baa9a5baaff008062e959687a46a90e93068f25dbeada97da658834ac21554808006d539cfe38c1af39d52d135bd63ccb7b1b99f6a62e77214738e3208e339ed5d847e27f0edf68d1dada6a73c53de82b2bc90978c2af25495e013db8accd407862d2d257d335b6bcb2911595981b79a491b20610e3760f75cfad672c451adee735e3e7ff000d6ea351944f41f82de2f6b2b35f0bf88ef54b42e22b1b96ce083ff2c598f71d89fa57aef975f214769a8eaae6e935af2d21dc882553b8a478277e38279aec3c19f1975dd2ee62d2b52bfb4d4ac907eee775c3e7fbac473d781e9f4af2b1186e59270d13eed18d4a1ccef13e8cf2e90c7fecd43e13d5a0f116830eab6d1c91ab929223758dc75527fce4735a9e557039b8b69ee8e6716b466698e93cbad030fb530c5ed54aa058a3b2868eae795ed49e5d3f68268a462a618f9c63f1ad0f2fda90c5ed4fda0ac50f2e93cbabc62a4f2ea954028f954862abde57fb34863ff669fb4119e62a698aaf98bad34c47d2a955033fcba4f2eaf98fda99e5d5aa80544500e48c91d8f4ab5a54325e5d5e5cc1a7fdb63b4877885260a64949c2a772071c9edf9d739f1075c6d034412c1e59bbb895628119d63ce7966cb7030b93cd7016bf1db4cf08a4f63a368d2dd44d1a43726eee19df0a08ce738072643b428e7bd7063b1328c7961bb3bf07414fdf9ec76bf10bc6be1fd3e0bb8fc492b688d2a32cfa1dfe9f3bb5c0619f90c7205f289dd93b41f6af9b748d1eefc73e2bd424d02c6db4fb1b689a47125c811430eeda30d2918ea00f4ad2f881f127c4ff0015b55d3f4fd51f4fb3b449142e159635c9c0691892d8193fe15b3aa7c3af10f84f4fbc293d90b489145cc96b7aafe744f8c3100fcd193c67a03c1c57950bc55afa9eadb9d9dbf84bc5f7de08c8f0168326b3a5cb17d9ef34f766205c10012114b1ec5b77f106238c561f8c7fb2b57d2ee66f04ea12595eb46526d0ae90472c2a570e89231db2af19db9dc3f0ac76f8ade2f223d00ebf2c5633c6915d0b085229648940054481721b6e46e3f43c56f783be237846d6dae135ed067beb7d322c5a4e2d2d4655b0046ea23cf38e64dd9cd4a6e12e6453b33909757d4b4cf05ff605d68eb697da948f25cb4f0ee3346a7e4d99191cff00106ed5bbf0b74dbf33c5e24d16ee5fb443279773a75c3b6254231b77919fa673f5af4ff03f8a3c2df14b5db46f10fc3e696f6dadd6dace448a56b48815dcb192380727033c57b2e91a35f68f34ba85abc91da3ac3043a4dc7971c168818066053396da38efeb5bc31ca8caf257f9febfd232952e75632348f065f5ed8dbdd5cb7d8da51ba481c65e31cfa1c1355749f0649af1d4acf5ad165b2b00ad140d3cb9919b031200a303919e1b8e95e837f25ddc585c7d91e253329485f9e3a82dc75f6ae5fc6df11b40f0ae853cf3de2fdaa3dd0416e3e791a50b9da403c718273d33cfa57255c7e26add5c54b0d4a9eb15a94f49f03df69274fb9d0f521a45e5bdbbab5acf9b8b7249c1214bee51c8e8703354b57f065e5eadccf168f6963752dd24b79e5dc1fb3ea047cc59a32700063dc13ed547c15f14f53f10e9d6b6474965d6ef72d133dbb0b6821c85dccc0658e41270368e848c5747aceab041a134163e21d3a2d42e9c137135c99b0720164400ee38f60a0f22b9f9aa736bb9d0d98de24bf83c25e1cbab447b4d775096758a2b76458e2b3919705db60ca2e4e73c7b1158df076dbfb5b489e4d5f4cd1257f38a086ded12578e30360ce08742cc85be6c923d3be37c43f1943a7784f578342934f85fedca93dbc9b4c825dd92c327f78c3825981553ea7a78b1f13ea3696848f14dec9a94b334c4d83b44c5d9b25a69460ca71d0738f5a6fadc47d57e2df165bf833c20358b3d37ec766a1a16b6f244324721276e0118e4e0e3d3a7ad715a4fc5e8f57d0ee07889edad1ee60cdcb69e1caaa00d98cb8076311eec4678c578b7c3fd1078cbc4b7075dd616deca08cdddd4d72ecc9c0c0f36407099f53c93c0ad9f1878afc529a9da681a047a7ddf87eda3865b6d374f85a4b6bf8c1c977006e393d55bf1c9a8497619a7a57c62d4f52d4ec3c39a7f86f4fb7d155cc420b4758e5109232c1dc613e5ea7827d6bd3b4ef8a5e10d2f4fba7bfb5bbfb2437ada6c77904be6b4af824c88809214291f3824935e19e31b3d0b508f52d63c496507847538a4f2e3d2ac626324f28392c55c858d40206df6e86b8fb7d4f4cd3f4a8e6b7b9be975249dcc50bee11c038292a10df7f201236fe3439db465348fa9f53f1ff81fe1ce9135c786dc6a22f36cff00656d4c26d661c011b9ca9eedf283ea6bc53c65f16bc45e24bccdf6ad2c76ec1cc36b6731812024e5589439938e36b1af2bba9aeef2e66beba91a59e672f2cb2b6e7662725893d49aac143e6452c4638256b3f6a93d00e97c3fe2cb8d0ae05fd945697575fc06ea1320888e8c06704f3df22b335bd56fb5ad465d4f53b9926ba97ef3b600007450070aa07402b2dd955b66ef9bb0ef8f538aaf2caf2398c3608eac79fcab09d593d0872d7424b9ba58f2a8f9739e3bfe94d892cd22324eed2e411b11b60048e0e48ec7b55376689d4429bb77df73c9a9028f2c866dc180e3b7ad669db512761e5a2889017a672bdcfa540597cfda9d58e5bb9c74a6bbfef0855c93cefe3b7151230f319e38bcc93a1238a5b85db032aa7ef245e33cedfca977b64232b15ebb474c76a618d2288493360f5da3a64fad3d03489f21fbc31bf6e7a5568220943caeca1d95588c91c8156ac96df1b229762ae41debd4f1cf150c8638a360ed9001271d8d644d2c933ec45906327142199d191819ad1bcb4b58eda39ad2f7ce57019919369527823ad6627dc14e071f8f5af4e9cd28d9a21ad4908da482d9f7078a3229808c1fd29c0d5a908767346e38c7cd8ed4003613b9411d01ea7e943636673f8550170dfc9e65bcaab1abc0005210738e99e39ab177ac4b75079532657f806e385cf5c01c66b269d82003d8f4ad9579a4d27b89c533622d66fa19fcdb4bcb98380061ff00d903b71d0558b4d72f61b296d03ac8b20c0675cb47820fca4f4e95871b6c39db9c763d3f1a78979e8a3e95d14f1335f6999b823a7b2f125ec6b3e6e2413cc363bf051936e3057a67deab793348b1cd1b2ed6f9549c29dc074c66b1431fc3b5588ae18481a4e4ae3ab1e83b66ba7eb2e6929bb93cb63d4fe1f7c48f1c688e7fb1eeae6555da9345b77237181b811d78eb5ed3e1ef1f6b3afc39ff0049d32f447ba4b70ea0487bed53cd7cd9e07f105a69fe24f3f53b6f3ec2e8edb98565f282e4e036406385ce4e0648afb074af869e11d2b48b4379e2689ae752576b111ccb12cec5772047c64e011f5aed863b0b4f5abacbd2f725d194d687996af7be3697c462f21d4ee658071e50b931b281cf208e39adad0fe26eb9677b345ad58457d616fc35c5bb00e0e7d3a16ec455cf12d878ed3c356f1d8e8b67ac2248c96f2652eae2289485dc6e232bc939e1b3e95c9691ab5e1bd3a56bda4b697a8aa17547e92027071efed5e8e1eae1b1b0b4925fd7730ab47977573deb46bfb0d674e8aff4e9d67b79465587047a823a835a1025ba9ccb1b3fa00d815e13e42ac826b479ed66520abdbccd19e3e9c57a3fc36d7357d66fc68f76f14aeb133acd302b2390470768c0e3bd70e3b2c9e1e0e7195e2bef4732a6dbb44eb258e32c4a47b47a6699e556a1b2985efd8cc64cbb377cb92b8fae3f4ad5b3d1c44a659d2392419d919385cf6c9c57892c5c60b72e185a9395ad639531f4e39ebf8527942b1fe26e95e248b5dd1bc57a35d25c5bd840d16a56c1d5bf74cdbb8000c8edc73c038ad5d0b51b7d5b4a4bf48e581586e293aec651d89cf6c7435d119f3535513d1fe0c9af87749d87795ed4c31554f1478a3c3de19b6175ad6a0b6b017f2f7ec671bbfbb95079a9fc33ace8be27b3379a06a106a5029c3b40db8a9f461d47e355ed1a577b18f2496e8798a9a62ad3fb33e48d8dbbd369a8de120e0ae0fa50ab13666618b1daaa6a73db69f613dfddcab0dbdbc6d2cae7a050324d68eaf7763a569f36a1a8dcc56b6b08cc92cad8551d2bc13e3678f74ed7fecfa0e977f2c5a56f125edcaa12261c10a17ef103ad53aea2aecd28d175249238af895f1064d7a49efa55885aa171a6c2625936a91826404e031fa75af2c89d66b4dbe53492120bb33679c935b5ab98b5dcda6976eb1cfe6aa2a972649f3c04440319079eb5a1a9f8435af094046a1a634722ec567deb228919772a12a480d819c7515c352a73bbb3db8454572c76466f852270f77beddcba3a36cd9ced5c861edd6ba4f0e5b4fe23bbb5d0a1d69b4d932cb62b76e52dd77316915d87dddd81db04d66e96648706497733465242782c09e493d739a4f3ee2d2e2396d7cc8ee6370d1b2f2dbc1e318ef587b4492344ac75179f0e3c59a26b37106a9a1df422d09135d44aad0a97525499090bb4e7939e957bc3de09d06dd22baf16f8bb4bb1b6b940cf6165379b3cb1ab6304a9d9182707a96c720543f11adf5d863b5bcd7bc5169aa5cdfa19e7812f9a69a06383e5c91e76ab0cf4038f9ab9c825b8d227b59e29a28ae63963b98044aae50e32093ce0f03e5acfda37b94edd0faabc13e38f09dcf86ed3c39e17d3755d127b9f36d608ca9f311460094973d48c60b64803d056b789fe255869b63134bb7cb58a648897658dde26549198fdeda1b7285fbcc7d322be62d23c5bab18a7d313edd7c260eb1dbc331532b4872c64206e739e78e4f738aeabc2ff0010f49f095a2c577a359ebb720b5cc0eb70de5da4ed8520a3a001b82d919c678c56525048563dabc03ae78b75bbed51af965d174e16504b6cf776255610ca37b019c29e385cf19c9cd69f8abc3bf0d26d39afb5cb6b0b28e347cdd5d1f29fe7fbd2043c331eb9209e9c57ccbe23f8ade28d6eca3b19658e1b34dca90c2a5635dc4e49249666e7ae6b8ebbbc9ee64f3af2e249656e4b48d9638f5cd6726839ac7bc78f7e26f84ac3434f0ff8166be961f284525c28da5d4600064932e54018db8c578fdc78b6702ee34b0b29a49cb1fb45ca34d2c608c60331e303dab9c92f4104aa617b7b91542596770c2345427f4acfda3d89b9720bbb942c166922597e47dbd4a1ea0fad3adaedec16716aebba68fcb795972421209c03d0f18cd5048963894caf1cae467ef67041c720743ed5afe1bd7a2d0279eedb47d23547c054fed284c891b762002067eb9a398bd2da9574d8afefa45b0b579cc53396752d846206492490bc01dea54d7f54b4b736d65aa5cda5b2901c45294271c052c3938ec3a0ed5b1e31f88be21f15e8969a2dda5843a75bc864486cad1608cb1e324271c7415c9880ecfde3f9847381c2f5e95329b5d74072ec4a97525dcb2ce1e49a43cbc8ec59989ee49e4d11c7b016903316cf3bb073ebd2ab5c33c97711f3658e3500aaaf0a71eb55de5ba757532f25fe5017818ea4564e5a937ea5f33a2029f3640f9b1c641a8cccd23151b8639da3fa9a85c6cfbdb72bc83dc9fc6a1fb4221da9b98b1fde3af3b4138a86ee176c927986f58cb6d539ddf373c55717519276060ab8ce3f318a7490db44fe70db2ec7c6ee7927ebed496d6e229e591f69dc4e31e9d6a76135614b4864380bb593000ec49eb4e2c9921db017036f7c9e951de31110632b2af5c8f4ed504044d39963dbb1b1b9bbf4c629db4192db46aa4a4833cf4ddc7ad1bc223246157ae72bd49ef4af2853b136b2e02e7dc9f515435590c8e046ec40c86346e3d2c4824130f243a9def8c6eea7d7e9535c24a37c51cd1e01083e6c7cc3d2b1bca2622e1b6b1e557e83a93514aef10d8fc9201155642d0d1b99a18ecda273fbdc8e07afe5558ce63c6d8c9c0c608c1fad56f3d1087911b3c14f9b3f8d3a59d5887553b7a738ce69d80a2bd2969a0d15d317a00ea5cd33269735a29012eee31da9f6f33c332cb1eddc87232a08cfd0d439a5dd5ac664d893765c92b9c9fa7f2a76e3e5e3b6738ec335183464f4ab4d88752834dcd28355702ca2b193685623af2b8ed9a7c48ce70a63ce33cb01fccd442e66db82cc7801496390071815107adb9d222c5d462bc1ff001af6efd9f35eb8d5e58fe1f5f6ad696d677b32c907daf276c8bca984e46d933c0e79cfb0af08493fdaab56f70f1c8b22bb2b290558360823a10455a9dc13b1f783f843c29a7e951dbdbdfadfce8ca8623782269d55cb297604b152e59ce36ee3cf6af3bf89d67e06d534f9b5ad1b4f92caf209984f25bcb26d909623396e0e7078ed5e0f69e35bcbb41fda534a6f0600bd595848d8e06ec1c120679c77ae8d3c6b3ff674f676e258669645deebf2e5029041c773dfdb8aefc2d48d29a9b77b77dbee149732b23d07c1de24511c315eb2ea5620828d2e0c911c7739048af68f8769a3de5f45a9e9b04b692c4480d6f75bd240460e030273fec9c7b66be43975b7372f72116299892ccaa029cfb01c55dd2fc5ba969ba8457d697b7368e8e18985b8041e1b04e08ce2bd3c557a18aa6e30938b7eb6fb8ce1070776ae7df116b023c7db2d9a23249b2310ab4a7be0b6d5f9781dfa5685c5d24414909b4e417675014f6079af92bc57f18eeaefc30bb753827d41dd774b15bac44e4724679e9dff000ae035cf89de31d62dfec6752bb960002edf35b0547a8cf35f39fd9365794923a7db7448fa6be22ddea2ba8c622f15a697690969de3b290799285e72f23fca14139c739e87b571de0ff1069c2ee7d6fc77e249f51b7bbd398bdb79aa6364072cb2851f332e3a2e17d01af00baf154df63cea167f68be202a4ef704aaa0fe1f2f1b718ac4d67c5575776f15b0b6b6091c6132615dc4000727193c0aedf650e5e4e9dd68ccaf6d4f45f8e5f13f42f17910689e198edb4f88916f71221576257248c1c2e18f403eb5c47c2df1c6a9e02f175b6bfa7156f2f293c0d9d93c6782a71f983d8d72f777ad71045118625d83ef2ae09fad570c73c9ad1c62a0a9ee88bbbdcfd16f0578fb4bf196851eb3a248b244df248a78785f192ac3b1fe756aee58915ee6e9e38d47ccd248e1540f524f02be37fd99fc7ba5782fc6578fe20d49acf4abbb27590ed675f31482876819cf503eb59bf1b7e31eb1e3ed527d32c2e25b3f0dac9fb8b50a15a503a348467273ce3a0af32508529da2734e9ce72b37a1dbfc79f89561e29b8feccd19a41a4e9b3b7992b3616ea60701801d5571c7ae735e15e21d5e59a355865c236781c1c7d69759716da5dbdb8dc1a41bf1d80e958411a59163f9b93512d5dd9d7082a71e54743a0437623b7685da0752ce645719da460608e73ebdeba1962b33aa791a65ecf71a7d9c677bcdf224933280cc8bd87d79f5f4ac4d1e56882db28c67393b7a66b692258ed301d5501c2a73b893c963ed58d49be86b7b21679e3791915230ff0078aa2e0027a703802b77c2d63a4c711d42ff0054926b843bd74ab55226991792cd291b215e3a9c9f415cd2334d836e17612434add090074f5ae8342d2b6e95702ff5ab4d26c67943c8d2fcf7572cbd008d3e6da3df0bef9acb9ba826cc6d44c135fcd716d6ff00678da467487717f2d49c8193c9c7a9a91203179725e8603cbdd1a3ab0f94e4861ebf5a7dc4f6b6b70cda7f992a8c6c96e517771d4ed04a8fc73f5acfbfd41a59ccb757124d349cee3f331fad473d8773413549210d6b651b42b20c3aab139c7bf5ef55f31c4fe65cfef88ced40dc039ea71fcab20ea063704aaab7bd539efa79b31242cc7ef11d38fa9a96dbdc7af5376ef533248efb631b8e422280abf4038154e496529f20662e705bbeee73d6abdba109b24f32376fbe179603d09e82bb2f0e5d45e1ef0f5edc5de89a5dd58ea91bc0935cc4d24cac0827cb61f70f239fd6928f330b5cc2b7d3ee2e60fb4496f72d65d1cc439f94e0f27a0c9e4f4aaf7b32da5b112a4919f94aa85ea0f02b793c59259782ae340d3f75ac5792ab5d4c662ef2c4bca438c70b9258fab571df6d47730ee9a599338618185f6a86e3b20bdb62ff009773721844cdb63466761d769200fe62aa496e060dccd236083b07ca38fd6ac5bddce50821a2403711d48c74ce2987712647762c7843dc7d6b273b0a2ba8d374b263cb3271f789e314c965e417761b80dbb57d474aaff67f32eda5793f76a3715f539e322813e708cfc1caa1fe26627b7a566ddc1b658b6041c11fbc7202277eb8039fad4b7b6f7f65a87d967b792392390a4883f848e307f1aa7968f7b47e64b32be159ba020f6a96e26972d24acccc7ef30ea79a2ddc340303fd9de599586e278ddd0934862f2e4f906093838ea7bd024308124a58af520fa9e9513cec565674f90636e39249e4d2b8c7085bcc9a4902aed7f97e62739f5a824b99244516c91aaf20b9e69d13333c8645c67e551d49156d24b0f96daea1c40a9b98c4db4edcf3c9ef42f31d8a1b6336e237919813b5bae4e29634222fb9e5ae4edcf1c1a6cf796d102536820e401d47ff005f1597a8df3dc8c6ff00950707a67d2a92b80eb9bb9610618b69ebf38f5a74577b41ddc2ec03d7a8c1acf2f911b6dc1232455afb05d139655117019f70faf155a7501b25d023cadaa13b37f8d5a9608250b24926d2b1ee207527d0549143670db7983f7c73c923dfad43733ee40551510fdd61f7b007ad4defb06bd0a9711640d8adb40c2773c7ad42d04ab1e3600f9e41eb8c5695b5ba98e5d8fce431cfd338a8ef23ff0049632cbf29e578cfd3f4aa52e81731a804d20068ab4c07f5a7547cd3ab45301c2969a0d2815aa131c29d9a650b5a2621f4ec1a4069c39ad62ee2139e94b8a50a69db48382b5448c00d488c69052e0d35a0132355fb4d46e2241187f93d3bd660247bd4a8c2b68c893a9b79a496d3cd8de224718eff008d56bb99e38b2c5bcc270a3af03deb1e095948646c30ee2ad25cc865129762ea7233cd6a98ae749a77950daac733799360963b770527a2fb51737372a310b28cf6ef593fda4580053cb39c92b529ba2c83cb75dbe9d4d68a5dc77562195e52e4c85b27d69b19c91c2e3153cf83003b32c7f0c0ab161a70b802577db1e33cf04fd2b4738a576458ca2a493c73d6aa5ecad1fcabdc6735bf731daec601fcb0beaa47f2e4d65c96eb3c598964915385f970324f402b96a6239b443e5b18e0c923fd3bd4f6d193228dd8f535a31e9139c67e51d4af7fcaa51a7f9b3c9146cca231b8b32e063d2b91cd22b72a6af3fda2458d1b2b18da07b7d6b7fc3da1dadbe9f05fdf4bba49c92b02e432a0382493c027b63359674770e7370a17667eefcc703b0aab3b5edc88ad0b48140e03b7a77ace5596c8ab33b2b8bc8ae0a88228a28614f291536f0a39c123ef37ab1e4d5391a33cca77a9fbd1af19fad508035ae941adfcb9557219838e5b3d719cd549f504b631c72cd182dfeb07dec023dab96555b1a5aea69c9ac25bcab1c223566c0523ae3d8f6a69bfccad1e199bb2eef9b8eb935991cb6cd672dca6edb1be4bf1924741edcd360bb4bbdd28668c2b8c92a3838e2a1c9b43b33427b9b8c7dcf9539e5c004679a86024bf9b3491796fca94ce69891c2892492bc931c7dd3d8114c3732e228e3b68953cbfbacdf3019c7153cfd835b92496b1c8705b2189dc4b64803e94e8a2112031b2a838dc5b2cc40cf18e8296699fca53145876c33eee8075cd457123da44cffbc01f8591fa67ae40eb8a5ceca64d3de2388c449c1ce016c75c718f5aaef3cf7518b47b99fc98433042c760ddc1c0e99aa37979730471e5e09371cab05ec7f1a7cf733c60a811eef2f80bce081da84d8685b8e18beceaa646f2e3c727b0e98e68b792d6d88bbd91ca01c6c653c827dbdab3b4c924fde4d3a4926485473d09f4cd4b776b3dcc4915bae0e4bee66c6474e07d696cc45ad4f5158a712ac7b219012157afa83eb535b6a435031b14557182c1785e383c55582cfe48edeeda33b00046df53c039ef5704305a029147960092c7bfb54b6ac34db26b76636e12476f297201e33c8c8150db42b246a08c3a02158ff0923ae6912e7319de9b4ab80085249cf5c62a195679008a0460a321f730dc73ce48cd485996607093be4e230427dee78ef81ef51de15424a73cf07b0f6155a262f712db1665750012173db07b54570934d3f9088cb12918919b24fa9fd29583d4482e23924309f3194607bf7e4d5f8d625f3076540cca3d71d6aadbd8bc4279044d26efb9f29c714192682391df6812100a739e3e943b3d857453bdb868645589b38e73eb9ed556fee848638ca60af03e6eb9abb736170f723643232e77310a7851dcfa0aad2daa262678a495dbeea8e800ef549a28c9666270ccd8f6ab705b93672caed80a178ef9248fe94fb72f0ce5443203b33b4a64fad2a4571309436ec24609cf6e466aefa8108da0a80cb9c000d6cc114b7366657b88e18e1c79a59b24e7a607be2b1a48631290eccb183b430fe752cf1428f2a43348cab8009ee319a97660685984bbb7d8aaaaa642a73d718ce7f2abef65676d02c4e996c6ede7ae4f61587a7dd9823942f25bb9ed5d0d9c6f75a7accb6ecd231e5cf41d80e6b3927d36292b99ff00baf2f16ebbb39dedc658e3afb556b9b498e39f98f3f7bb55eb4b2b9fb44a65dab0a392a0af5cf5a59ec45c2a6d9c82b9e029c62852b0d41b39014bc5381e28fc2b720529840772f3db772295235284f98a08edb4d373ed403e829dee04b1dace53785ca8efc55ffecc20461e5f9dc640da40fa64d6746b2b9fdd8909f6abe2eb568e5b7cbca5e2c984360e3d700d0dbe82771d1e9533c1e6e5719c0c6393ed556482613f9022f9bb12a4647af3daa69aef529923795e46ea518a8eb4d8ee6eb613b159b83b8ae4818fe554a52024b4b132dc189d7954cb00d9ab034bdf22a452e7713c85c83820607a9a745a9dfa4521b4b18a15d98919158e411ce72692cf50bffecf93114920420a3ff75bd40a7ed24b540d68593e1dd49e4c4367285c12a25e09c54d6fe1fd4d64ccf6bfbb5e48dc39c76159b6fae6a897ab379d2cb20e006663d78c0ae81fc45e268b03ec6c013c662dfd39eb42c4558e9a1935230e5d3d524457996372325194f1df19a6a584921ff47759472463ae07d2a6d57c43ab5f20f3dd57721ca88461b3dfd6b3ec352beb7bb5309666073b0552af5372945f5358e81763747b184810bee6f953006719ee6aba6997064d84302132d943c1e80511f8975a5790fda643ba424eee40e3ee8f4aaa35cd5a3398efe550792818e0fd474aa589a9d4395972e349bfb5e2e1163731a49b19c07dac01538ce790688acee898c1465dfd0953d00aa7a8ea7737ff00bc9b6a31001619c102a0b6bfb9860686399865c10fbdb231d8569f5b9db61f21b5f629d3192b9c127af18fc29258bcae3cd5327751d00fad521aa4f2e22b87965407a2bed39c727a56dc7689aa5bdb996f3525f222f2a30d0ab6d4dc4ed0401dc9a5f5da8b7279122cc49f668d5e3ff48912325cb292067818a249f504b65b8b98648f764297f9030ff673d47153693636df63120b8bb603760cd6e49ebd3834be25d6cc26ced1e15bb86da2f2e24994af968496da01ed9627f1ace58c7263b7628ca259a2d8d710804e00562d93ce327354eee49ec9a58d2e72e91a842b80371e08c11ef5b9a0788acd67ff004986380ae080908c60f6c81546e3c43025fddc82cf4dc09331129b8919cf391d71593af55b6ac1632ecb57ba8adc89556631b9dfd771ed8c8f7ad8d3af26bf78e2173100e0bb29e0c63a804f5c573daaeb773712ca2348a25913044280019ea062b2d279238c01bb8ebef9ed46aca48eef57d22d9e31717bad2c0b9dbb618496e79ee4718aab246a74a6bbb1696ee460552495555f23af4f615c83de4ce13736767ddff0353dcdf1923f2e2122a818c6f38c63a7d29460deec6cd7bcb685ede14bcbbf2ee0212d1c5f31e7919c715460b6b2423fd0afaece79ddfbb07f2acc49640786604f719cd5c8d26b883f757324b3919f2fe6278ebc9e2aa3072d2e2b347422f218e36b5b6f0f5a4073f7d9fcc5cfbe4f34d96436d6f8992d2d497f98ac58ebc0ef5cb4924a0812799b97ae7dea339329f377003a839cd438db663d4ec23bad365b7f2aeae62900e3716dbce7af1c9aab2de452dec5fbf8d8471852ea87248e3238e95cfc1b1fe58f6ab9f5fba47bd6ad959f9086695d4e4af03ebef52d24265c96eac57ca9657be911b21d4ed5c1073818ed5af73e27b5fb345f65b6fdd13b4cb3a038e3b562db2e9d2c733c9fbe68cfdc663c9271c0e95a5677969f68f2bec704318c08b3106639eb59cadd8cda4c8f47d5eeae3cb88476c71855125b82073f789c74c547aec777752b5d476922c4910590f94540c1ea3fcf4abd73acea0775bd85cc116e04338c871f4c74aae2f755934f31df4de6efc82ed282483dc8c73427e4349a7748aba4e8daf9b2f2e2b390dbb0f31032804b1e84126ad45a06b30ced2c8b045179655b74dd33cf6f7a5d22f750b702da3d460fb35be4319d793ec3f3e2ae49a94a865f375292647decabb32a14718e4e2939cae0f9ae6959e9d63f645923dc77a0f31d9b76580c64120102a8cf73a234811ee2332073d558f1d38c1aa5a26a3a6e5adee751962472a1e32a369f53903357a28b46b7b83246f6d3c719daaa578fc2a5b77d4d539121b8d2c3b08a6656e484543d7f2ac54b3d4504d2da584e55e40e58a1cb01d71f8d6eda5fd9e9de6cd085b78a424b7de66cfbe6967d7ed436228ee66dfd3cac041efc54ddad8ae6beecc4d12d6f96f64d4a68d443b18323ae49c1ec73d734a9753dfea0045fbb52082cabd00efc74a9344d4f609ad2456081cfce581ea33dfb66acc565a7091d91e5131e8c33b49fcf157cddc9b6b71225d34bc924b78c5f38282e0af1ee053927d2a1380fc11b94aa738e9d49cd43adf876eb478e48ee36acf2fccaa40248383d89e704563cbe67983ca7fde44986e838c739c53716f41db4346f419524bab4765554c3aef0320f1cd5356b4d32e312f9c6462bbd4f0067d81e69aff694335a48d9825f980eac40ebc83d6a1d42c25bb31bc13330e325970723d31425d1ec164cddd52ee3b4b7922b54c4a701182818248eb58f1eadba5bd85994addc636fb374ef45cdab348be60925908048de0631ebc55bb3b3589f7c5636401e5773b3903ea695a315a87358c58a2b9bcd4155ad37081369555183838ce3bd682787aeaef74a5a3841e99e49e7d0574712b606f58c13c9c2e39f6a7161d3ccc71fdde2a1d5ec4b92d91876fe1b585009245988ec38fce8921bc8e5091a471f1c0dd96007a56a7da1258a68e19b95f91dbd09fa565e2fa2bf17663631c70f9610382d93dcd2526ddd82bf52b3c92721e691979dc42ff2a72bb1c155675c7f7bafbd06e26984cb332c7228fbab8e33ce73daa1d325952101d42c61405627049ee2aec17472cb494515d231734063b71498a5029a403e39248f956607daa77ba9599643f794100d57a5156a205c8f50984423ec3915079ae24f315f9a8e8154a085b176cef1a192473ff2d061b1dc77153c7a8ed923da8c157a63b1cf51598053c1ad3d9c5ee266cc1ad4d05d19922899c8c6f2801ad1b7f145fbe633b509076b0e306b950d834bbcff007aabd8d37ba23951b175aac972f89669195936ede302a1b3bc8ed5c3ac4acc39c95ef59b9a5a15180ec747fdaf6a9e694b38007cb01b06771acf49ed3cd2e6da33dd72bfa5668cd3d05546843b01a1ae5c5adf5c4924516d5c2045f421467f5aaf6f1c1e4792cb90ce18fe14d8d49e02e6a48e362e140627d2b454216b13cccb056018f27f7448fbcad83c549a9957fb39b6796302155722563b9c1396e4d33ecae08dc319a73c217008a7f5680733342ce496deda306791860b64b939e7eb5735792c6f52d2630c731108dfb989f9f241e9d38acb1335ba878ff88608ed56e06b7941c2aabe3a0aca7854b54352b97348bdb4b1932b6ca0670cbbbb0e82b1ae3ec827bc79616264901077631939e296f222633855041fcea9cea8f6f2091983be013d7a74ac1e1d2d50736a51bb8637265859828e305b3d3e9496d6325c70a70719ef5a76d6769e5aa3c9bbaee1eb9ab767b1242d14ac1e2f940f6278a8716914a4615c69f3c3b37b7dece3af6e69b25abac62457c835bfa8deea00808914d127cc7720e33c76aad3ceb3e9e6d55552451c04e98efd692935ba29b5d0c374953efd4c9246b003f3349dd4afcb576f660628fcdb6f318c63320e39e9cd5080db99111a59211df2bb875a719026d8df3a6edb707a0a71bcb8673b8ae4f3ca83fceb51ece2119b98aeed2753d136edfe750cd6b1cb12c9e4aae5fe628d9e870454b9760b95edef665c6f58827fd72527f9568c772b2c44c5e516240c792bfe15047a6402032c972cbc6402bce3af19a852092d6e700e4101f278e2a747b09b668da4f3f95296b7b2c0e147d9c64f3df153c1349f6c56363638070d9871fc8f4acb41700c62d64512364901f3dfdeb425bbd52cbcb13431f9879662a08200f51dea5dfa09c997ac351fb2de3486c2c573d1e246078fc6a5b8d4edde30e74fb23c7277306fd0d65c3a8477f198aead238b771e607c15f7a6dc4b67059b401255900f9433039fc6a6ccbe776b138b98648ee0ff00674522b1e177b0cf4e7938a6ea1345244805829022c6c12b2edc374e2a4d23fb1fecf1b4d7ade620cb839039f6ab7e4e9e3ce74bc8a66392a9c640238c52bd993ce7330088cf81a64dcfa4c7f9915d369cf6d1db2acb6720c39f97cdce0fa938e692ceca4f23ed07cb3c02b1ede4e07ad5482f2dc5c8135b4aaa7ae33c1a252b94a48d29ded1b9b8b79244c8e0303e99ea2a7b79ec634411c5e5a83d1baedaa7673e9f2c922cad243cf019b20d5936d6b246cd1cac5707690e3f5ac9e9b9a22dc979632dbb08da0623afa8e3b62abc7716af2e2693e51d30ddff003acbd2203f6592e24760096c0f61c67f3a8609ad6591c46f29719e368c552485cc685e35a4701f29e48f8e42fcd824e4e326a8c074ff0037325cca993f33792093f519aa725d472412ec56c83c838a8647c15f97258640fc2ad21377e859d49ad9e4e6fa68c9e4b0b7279cfb1a488c0046e3529032b8da4c2c0ff3aacf8713304608a40dfdaa1bd31c522fe04e2a95b625fa1bef6f690c11bc3aab48ec32df2f3c9eb9ab165218676892f19d171827be7dc0ae72e3cac8c7e3f8d59b38d3791f376e8d5128ab6a3baec76b0462e24da6e540f40b96fc8d5138fb484322801cae3804fd41ac98a05df90f3ffdf75288883912ca3fe0558da298ef1ec13c0d15ccb2c734672ff759c2ff0016391f4ab705a4a6312ef8d9257c952e381dc565f964bcbbf71e7a9e6a312b09c26fe83728fa553b0d38f62ecf657110958c51146e81586ecfd6b32e2dee080de4be7db18c7e74cf319ccd96fc0f4fcaabaaaca002bc6322b44886e2fa1854b4515b8053a9b4eaa5a0052714b4eab401451455a00cd2d2528049c5508168cd29538cfe14805500a29e052006aee9d63737d3886d6169643d82f4fad5c536c96cac066ad476ee7048600d6bdb689891630fe6ca7ba292071ee3f0abb71a25cc090ed66944b197e3a02090456f1a72b6c4b3276f971aed8b0475351bc8d1cb1ccbd47de15785aca4e17e607d3a55cd0f469354d4e3b544924dc791129663f80ed5a428cdbb5882048c18c481b729194cf5e6a0b990a71b7e95d2f897c3175a4cb0c71f998901237295ce391807eb5cf4e6e22cc73c0dcfaad54e8ce9bd50dbba3364918f3489230390cc08f4ab97fa6dddba472bdb49124bca165eb8ebfceb3a4f323728e3073c83537b6e4d89649da45c1354ee253bf038c01f9fad3c921a98ea1baf5ace51bec5446c729c83bb0454e92bb3fc879ab9a5f86759d4f4ebdd434fb292e2dac40370e9ced0738e3f0acd832251db079ac6509452bab5c7a31de7ca0b032b7cdc37d2af5de9973088a58790e81d48fee9e84550d4504776c074e0e7ea2ae699aac9122c52fef51321159b800f6ac9c51562d1433da296dca40e9ee2aacf671b9f31c72a0e47a9ad1927b5967616c64d87a06ebd2a394e07ef118afa8eb5cf28b4ec8572862236c2d471927ea3be696045850c40b3724f1eb56c59c72b89637e7a8f71ed4c36ad1124ee46edf4a56b0f5239592681c16c11cfcd4c93ed1e7891c6e2500ddbb8e944b0c9f749520f3cfa7a5247267fd68c60718a9e5ec31d708a0a9d8a41ee3a8c739ab17ba85cc906d42bb178ced078354fcf1c64f1839fad383831e23fe2fcb34b97b8113dfcb179621550bc03941ce2997b334d2b4b21c9d807e5d2a4955d4a823200a686cee126de7a50921a22b4f2cda60459704877f6a962f26394995b1bd300fbe688a30a1bcb6e4f45ed514f1349146072476faf3405f536e0d4ee5c85f37cc03011bfd9c53a5bf9124185521724e7deb0257784a88f8200cfe1562da79648cacbe9c54b88f9dd8d8fed449118b2601ca9c2e715971e261261fcb1e672bbba8a9430f2c15e39c9fcbad42f1f9c032fdf03b719353ca96c1cf724d26768eee4b6799bc8c1c8ebc9a9100b6bc1242eae003f2f4fc2aa46a537347d49c0cff2a64bba397cd4ea482476a760b9b11c9687cc47b661927e70b9e29523b191c36f6000dabf373f91ac682e19c4a99c1fe1a76d9244209e10839efcd2e51dd97aedd638a5b68d37070093d7a739aa732a5f5c021d54e5723a74eb50c977289787c0fba7dc1a8fcdc711b6d6efee0d0a2c3566c6ab68be5b4f1f21793f9d50b64b98e793cb760224dcff009d5482e6e439db3363d3b5491df4c04f97cf9a986a69492b0f72f5beb13fda489132ad9d83a7d2b46df54b564c4afe5b8eb9e95ccc8ecd20f9f95e14fb52cea77b65d4f4e47bf349d34c475df68b7923216652186323deb34fd9c5ec52f9aa55632ac3a64d6140f247cab631dc56a5b797340259b83f773b7f1a9f676d812d47c8e8be66c0c33918eb4cb4fddaa96386db823f1a02c264648e56dca4919a4085c8dc1890393ef479024cc35a2a48e191a33201f20ead51d7572bdc029d4526680034ef9767f16ecfe94dcd2d5dc05141a6e69c285b5805a07d28c0fc7d28ad121314120629e0b631da9a01352041b0bff771c7d6b48a62b925b4124d2ac50a348edc2aaae49fc2bde7e1b8b5f0369ffd95ad69b6925dea811f770f2c59fb824047cb93d05721f06f55d3fc1baac1afdd4115e5e49988412a102246eaeac0e338ed8af60f1178bb42d58dbc9e10d26d175bbeb8696f23b9b2f356474dac87713b47f160fad7ab84a2e1fbc66527d08f575f0af897ceb4b1934dd322fb3991cc998fe5dd90e1870577641af2ff001c4ba60d523d334fd41a78adfe5c42d9ddf971deb47c63aa78c66d565b3b98f4d8a223841e5c8154b12572bd3939db59ba569f069f10c6d698925e4381f31e4e3d2bd9a34a559e91d3bb5f97732bdba9a5e1af0d497e3688608b232b1cb2ac671ea493c57b47c37f0fdba46c34c874bfb7220056d9f2c73d5430ce3a75af10fb4f9d3f9713f9d33606065dbf4af68f843e29b9f09786e7b26b49d2e2e9e492461b40424055ebc9e066baead1a9ecdaa3abfc09e78af88f49b3f87f16a735b6a5a8dac7328400c33c5b9c3027e60d9c1fcab07c7bf0b7c263ccd4ae3469628231fbb7b545058633b9c63d78a9fc15f14af74ab65b3d6a3fb6c0a4ec92350aeab9e072706bd1b5ad4b48d73c3c93457b3496176eb1b490805541650436791fcebc0c52c6612b2f6f1f75be9b7fc39b41c2a47dd7a9f14f88f43d0e079a5d335068fcab88b28fc796a48077a9f980e878cf14dbcf85de21f1169536ade1a85b538966d9132c4009117009040c75e47b57a1f8d35af08def8c0d9f86f40b1d6a7b65f23529ee61d91b12dfc047236f38356fc27737be16d3e4b4d06fe4b3498c8f3a0f9e395997032a78e3d7ad772cbaa6257b4a51d3ee3275a30d24cf95f5386e62bb2b750c9148382acb8208e3fa52e91a75e6a97f158d8dbc93cf29c22aae4d7aafc45f08f89bc49e2496f236b692394825e46543903193b40e2bbaf84ba1697e07b0b833db25f6a77046eb83c08d40fba07a67bd614f27c44eab4e2eddf613af04b72f7c2af0d0f07f869ac667596eae5fcdb923eeeec6028f602bcefe297c2b48ccfadf861708034b3da1ed8e494f5fa57b24baddb4d032c906d7ce5594e2a80bf61fc4bf8d7d0cf2a856a5eca51b25b1c5ed650973267c97a946ed1c52e339183eb54394907f9eb5ebbf163c352c7ad9d4b4fb666b6bb197489388dc0e781d8f5af2cd42d4c6e5c1e07515f078cc2d4c25574aa74ebdcf56954538dd16ed818e33201f3af047d3ad5b129920520e53f87db3d4545e13b5d52f758863d1e06babb0014b70b932e382003d78a9efeda7b0bd65bb8a3b44ba1e7a44adbbcb05981523b104118ae49c5dae558ae8d825e16f629db22ba3d335f917c3df62bfb2b6d4ed1b2a81c6d96d581c9c381919f7c8ae6891fc3d7afe35d1697a8e9da8e99fd9fa9d8f90f042e52f2d13f7acc390b2af465ed9e08a507e6348c9110b93b22fbc49010b7381d39aa334782786571c63a5279a73efd6a5122ca4894e1b83b8f393eb59d82dd8a6f6e5c93d71f95443ce84e47427a1ad230bc59953e78fa03b78a688bed270bb77f1f27f8526c7a902383b4bb60118e6b5aef4d9353d222bab5b09228ada3f29e60bf2b3124f27a67158d244501c2f19e41ab31ea57f0e98fa5c77328b195c3bc1bcec661c06c7e34e2d6b7042dfe99736b696b7324524515c02d0b9fbac01c120fd4552b6926864f342e47f09eb5bf26bf2cde175f0f496d6cd1c5379e9315fdec6db70429cf0a78c8f5ac39c7ce1e34c464e36eee952d25b06c27123990ae7f9e335248c18828bb7af029a92c78c3ae1bae7daa2240fb9ca9e702b37711307022206edc060fe351c72b00a83804609f43500dc1c9ce33d47b53ce10e3a13d4fbd21b278a450ecfea7a53276cf5f5a4810cd2470ee5cbb80add39269658cac8d19652c0e3ef7a1a04441445f391ef8fc2a649170d9e87033ef4d0bc0dff0077a5336e0302dc120fe54010caacee08effd2a29108209efd2ad265339fcea5d9010249255084638e4814ee56a6602c2a4460636cf5c0c7e752bc2a41c35432214fc7a531898ce2a78a388c67cc66527843dbad571f7454de6a63615fa1a5a80fb4c0ddbc75207357ce63876c7cab7247bd67807cb27729a1269234d99ef9e695ae0efd09002253211839fd2a4791ca0d92632738a823919860f4ea0d31c73d719e71406a4018e3196dbe9da9b4e0a31c9c52edf4e6b6b360273b68a00cd4c6ddff77f2f2ffc23a8aa8a72d82e910e08c65719e69fe59d84956f6f978ad1b7d363df9b89b6affcb346e19bd3e95319667cc68d12841b36a2e41f45e6baa1857f68873ec66c76e5e21206f538e9d29a91eec845e73c02dcd6cd958484c42e115a3619652d8da73c6315b7a458e9f13b2bc0b2c3282adfdee78aeaa78194d2b684f3ea71df659b7a8c2e586ee181c0f7a91ecd848446de6a020065ea73e82ba996f6de14934d3a7da19448025caafcca14f0a3f13cd66de861706ea1b76054ee62f90589041c0aafaac62b7173b32aeeda4b49006db9237261b3c13c52d95add5fc9e5c28d21ce4e3a9278addd3b49d5bc48425b59c6a146d333fcaa00ed9c75aef7c17e135d16e62bcb992369a3e5153a6ffef135dd83ca2ae2ea7b89f277d8ce759416bb989a4780fc491c6b3ea624b7808c846c33b71c71dab63518b54d374c710d9dcaa84194da54363b903a8aecdeec9392d934d7ba27a9cd7d7d2c8e952872c64efdce475e4fa1e6760759d52d1a3b5b5f9f20a2aa94da739049fa5755e1ff000b5c4b24575aecd8551916c8dd493fc55d07da40e9c530dd7fb55ad0caa9d369d49397e5f7132ab296da1ab671d9d90db6b04508ee51403f9d5c2cde5f981e365f66ae70dd7bd27dacfad7a5eec748e865cbdcdc375ef5a1a3788ef74b2121977c064591a07e63665604647d45723f6af7a4fb5ffb5515234eac7966ae81269dd1ab610da58c970d6b1ac66e6679a43df733138cfa0cf1567ed5ef583f6bf7a3ed7ef550e4a71518ab2071beacddfb5fbd21bbff006ab0fed7fed521baf7abe742e4373ed7ef47dabdeb0bed7ef47daa8f6885c86f7dafdebc9be27699fd9baa1bfb7451637d85911578571cfebd6bbbfb57bd55d5e1b7d534e9ac6e572928c67ba9ecc3debcccdb050c7e1dd3fb4b55ebff0004d68c9d395cf0c96796daed5edda485a3fbb872083dc83da97cd92e5b7976320cb12cddba9eb57fc4ba73585dcb6d2366480805b69fde0233bb358a71c62bf2cab0953938c96a8f5e2eeae6b46d981e4278ced18f5f5ad3f075aeb577e24b53e1d8649f5181fed10a2a8662506ee01fbdd3a77ac4b451344b12066723eeaf52d9ff000ae9340f126bfe07b9b83a5c31d9dd906296e1a2591830fee13f70e0f6a504af77b0342f8e6e35c9fc412ea7ae691fd997570e1c462d0c1182bc7caa4631918fad65416d777d2cb3450348cb135c4db39013382d81d0735625f13eaf7766b1df6a5737a2dce204b9612a460b127ef648e79fceba5f0dde7853c432c56778abe1bd4ae4b235f43b85bb13801768395f7fe13d38a1454a5b818d0585fda5a31919a12c009619570b22b608284e7271cfb56fc5f0f6f755f0fb6bda2dc5a4cabe5b3588b8ccd0ab92abb890064b0e3d722bd4bc47f0f6d748bf8b4fb5d424d52d2ec47a7ef74f33cb9bcb05864fdce0ee5f5e954751f06f89342b86d53487f2f54b7290b5b2a031b40a8a7708c9c491b64e41e879ea0d75ac26976b425cee7886aba5ea7a65c496fa959cf6b34676bc734451d0fb83541e3046071e82be9bf06c1a6f8d346864f885fb8ba96e0a5adf08576001498e3720e5860fa7e355bc63f063c37e64304d345e1ab9cb20b989da5b79dba850849656c76ea7b0ac678293d62fefdc398f99a542064af20fe34d79463e6fc0d75be3bf07dff85b59974d9ee20bbda7e49606cf98a5410db4f2060d7293444272981db3deb89c5c5d98c8e40a71dfa00699b4a10e9c73c8ed4fe4e00390074f6adaf0d788e7d07ce8d6cb4fbd826c79915ddbac9903d0fde1f851149bd58cc5254919e0d0ea402777e15bbe2bd4b44d6ae229f4bd123d0d921c4d0a4ad2452303d573f30e3d49ae7fe74c63b7f0d4ca293b20150e3e4efd4520c1907cdeb40f9a4254fcbd083d6986321461bdea007ee709b0eee3a5207c9ce7a504f63f8d3400483b795ea3d6801dbcf39e413d69854a8f9791d71417527078e738a11f2483da81d8011807a77cd058b8c3f23b1a47fbb83f4a44210e3a8a0646e3b8f5a40a4ff3a9b1fdde41e69aff002d3b811a965e8d52e4b819ef51678a0b74c5002e4863efda97ef631d71cd309a314c0daf0768675cd4442d14ad0a0df22c0ebe691d308a4fcc73dab375386de2bc923b492468c3b28575f980070324704d763e10b35b5b0bcd559196492cf314103b279849da1490432f4c939ff0a9bc29e18b2bfd545eea17965a74209708de63ae40c9e1416c0fe74a8b954949ec95910e56655f09da268fa3ddeb3776b15d968c8481ed99e4008c6f5246d006793dbb73590e2e64924292c71293bcb05c900f3819eb5da78ceff4d97481656cd766749708f29575890003008e0863f36d1d0d57934e9ae2dacd2696213f92a7e788a3471283d78e7819aecc2494573bba4ddb7336ce7feced7702c4eb95e39da37b7d71d2a6448ad47961163c6770efc7635d6f8434ebd7d47cfd261bd8ae63898abcb12b61c0e8148e98cf27eb55e6f0c5eca4cd7535b47230c615c33eee992057b38693af3b528dddbe6437dce6e32ac00465e082a0b67156ec2e96d2068eead6097cd7277972a54f6efd2ba6d2be1f6ad70e211e66feff00bae707bf5adfb9f8337135b0177aaf951f52df673918fa9af4bea95e2afcbafc89e6478e6b1e4e0cde4ac4cce7600fbb38efed5a9e12d3a7d76ed4c8d27d8e1c19656e1893d554d755ff00080e89a65dc96d77aacf78a723e455451f5e09cd6ac42dad2dd6dad515634e102f0302b6c0e5152757da57d23dbb933a8ad689a16fe45ac221b68638631d1554019fc28373db359a67351bcf5f58eb28ab2d8e6e4350dc7fb54d6b8ff6ab28cfef4867f7acde20ae434cdc534dc566f9c7f0a4f3ff00daa8fac0729a5e7d34dc56699a9a66a97881f21a66e7fdaa6fda2b30cd4df3aa1e20394d5fb47fb547da2b2bcfa3cfa3eb01ca6afda690dcff00b5595e7d3c3c8636902318d7867dbc0cfa9a5f590e5347ed1fed51f68ff6ab2bcfa3cfa3eb01c86b7da0d02e0f5dd593e7ff00b54a27f7a7f580e424bcb3d36e359b7bbd42d1ae2093104abbf6edc9e1f9201f4e6ae9f83716b1616977a3ddcb1cb768afe40883242369277313c1c8aa493a1072dcf61eb5d268715978a34f8f48d635ebeb5bbb73b6d8898a7da433604790339071ea4d7cee678184e6eb4637befd35ee74539b4ad73c66c6feff00c27acdc0b29a03300d109976c980720b29e80d5b8bfb7fc517b65682de4bb77062b6508111b68c9e46067b93f9d751f15f4bd3228f7cd69a2697791c31884582ca05d28e376d6fe2e3e63deb91d0358696d21d1352b858b4d8cbc81d5156553c9215c8c8c9e3debe527070972c9e9fd7dc752d7526bcf096b3a5c6afa9d85cc31dd645aba8ca4ae1b1b72781d0fd6ba2b4f005bdde976834fd7a39f5112b07b79626884646dcae48e5b9a79f096b92f879753d7758fb1f87fce31247bc9790a8254ac6dc1f4f5ae5b53d522b0b984f876d65b38e270e9712b6f94b8cfcd9c607047cb5a72469bbce3a7e3f80aedad0f79f8557bace936ed6377e37b6d456175845a4f70d2c7015279118c3160c0006bd1e0d762f18d9595de956cbe4ac72c667fbb2dadc46461707965e491cff003af8c6ee5bfb5d505fa5c491cb2b8992e06572c792c0fd735e8be08f883e20b7bdb6369793dd25ba01299db6a1c8c720724d7a183ab0a9254ed6fc4ce6ada9f43eaf02dcedd3e6b4889d437dae1d708670a7e5383f2860036474283bd7957c61f006a9a39b7d6b49b9b9999648adae6077691e4917051d9bee9edd7a9e47a576717c46d29ecaee3b386ca6be4916e2d56f959525972701481f2b67f88e0575be15f89f6177e035d5f58b09adf5279a2b5fb3dba0dd34cc032f964e41f94eec1f7ad71b4a3cce3242836b547953e85aa5d687a5cfe36b181b44d4c1974ebbd3d19e6b562b908ec4676f5f91b24f63547c7bf0e2c74b8a0d3a1d66fa5b3685a58ada5b75dce42e48864036b9cf3b49070315ebfabf8f7c22df68b0bef104528bb9084b5f256658f1f285213206586ec9c62b97bfd6bc3d2e89a6e83a9dcdde90d215784de6e325b3ab30dc1b07ef65be61f291c366b95d1838bbbbb2eecf9c3c53e1a8b46b4b390dfdb5c35c643989b22360aa4e08ea3e6033ea08ac6b9b592d20f2ae115bccc3c722b0618c7b57b1fc558534cf0f699617d1e9f3dac9148ab7768bf23152472c011e6e540c8ea3ae2a869de02d1aebc2dfdb52bea9a85bac64acfa4c43ca055546e7571907920ffbb5c3530b79b8c4b4ec707e14f06ea1e24d3eee6d1cf9977698668db85914fa374ddede9cd51b9d3ac62d41aca6bef2dd24f2ccc8a1e2e9d720e7ad747e28f0eddf81e5b1bb4b85b85bb4def1b45f2aa9e42be0e3383f81a92fe2f0d3dec7ad5a681a9490c7fbdbdb232af921700168e41d793e9df9ac654d2f75ab35b8d338fbdd1efed34f875292de43613c8f1c572aa7cb66538201c633ed54149030473eb5d0c9ab6a5aab9d1f4a1f65b299d596c565cc45c0c6e018e031ef8a8a44bc9b4bd3a1bef2fec8c248ed25dbc44437cf9c0e4e7f9d6328a7f08cc4db919231eb51e38c8ef57f51d32f74f97cbb9b7923feeb6d3b4e46783f43548e47056a1c5a7660464739fcc5376fe1521229a7839a801096cfd28c73f5a4c9cf1d3bd2e450020249e3f2a1c13f4ed4de3b7e3467f1a6806e3de9c557b1fa6681839a062980d231d39a4078a7f1fdea6671c77a00f42d0d2f23b0b242fe4da98d082e8a1db2148c023e719fd2ba6b4d32fa0d3a496efed3208c857436e045123027f7840e3b7cbd697c2d346be1eb17ba86095a3b34fb3a2e165dc7f889232a303e86a392f2ea2d7650525b449a50efb9da5c772c4f0a739e9deb79d271b25adedb5aff00e7f81ceddd99e746b18dd64114ebb7e7d8ce7249c1031818ad2821c99aec340aad149fbb966dedb771040c9dc700d684f17daafee45bcb02dd5bba9d912b39fbbcb93ca807ae3b1aca11cd31bc85ac6496e7ec61a2756c0570c081c0e5b6f6ee79cd7a95eae1a9d18c611d569aeaeffa7de42526f524f3e592c05e4eed247313f217c92a304e79ce318e4d4f65a9b433b48ab14a324321e57e9506b9652e97610f9768d04ee4c026fb4b65b6a81223467a7dec1e99f4a47b691ecbce82d638a38b6e54cc198a91804e0f1c8c62b6c971aa9d45071e96f4feadea128dd5cec34ff1b35ada2a0b46332481918300001daba7bcf88d6b75a41074cbb3301c02a0213db915e59a634113933491e1c845f973827a735d224962d2c76976f29651807700bef9c57d5b9c5bf333b330e386f755bd90db44d2c8e4b155ed935ab1f857506803bab46f8f994aff005aea742d1edac07dbece4ddbfeee7d2b51ef9306391d4b9ea3755bc4342e43ccf51d1aeeda352b0c8c7f8b0a7ad62ceb345feb229171eaa45777e23d646952fef3718df9dbd41ae3355f10fda1d95225d8dd46da975c7ca50335279f839aa72ce1dc91c0a88cd51edfcc763b0d0f5ad3638e3b6bdb4f97392fbb8e6b7a48bc2b73fbd86e6389c0ce0b8c579799ab7ecb4ed32eac34f02ee7fb74f72c970a1404543b42019ead9ce7b74ae5ad8d85257932922edddee8c2e24460d228ce0aae2a94977a4f9198e2903ff74b66b1af736f7735bed61e5c8576b7de1838c1c77a837b170bd09f5e2a9622eae234bf7d247e6ac3218f3b7705c8c8e71c7d6a13356e696c3c3f6df6997556956ea1c79165291c363ef311c1c1e703e86b97bb913ed12189595092554e72013c75ae4a198aab39456cbaf70b16bcef7a4f3aa8c6cf21c28c9a525c7515d3edc562ef9f5d5dbdee97fd9ffd996f32cd65280cf1caecb2f9d803cc18f973905429c8c3570e24270817249c0c75add9ed468d6c22d634f88c9776e9320673e64519dc4103b31207d057163ab374fdd7af4f31a57643796f776b7325bcf6fe4ca870e9bb20646473f434c08c501dea49edbaa8de6a264bb9dedfcc8e177f912472e4281803279aaa6762724f35d347112705cdb8b435ae0ac6e151d589ec39a88ca50e0f06b37cec743479d5a7b762b1a227f7a54b9208285830e411c106b37cead9f0c59586a2f75f6fd43ec6b0c6193e5077316c6393ef5157191a70739bd1010c716912e99756fa84373752c85da3fdeaed566cfcd9237039f4383deb19342d2e37522290e304867c83f5ad2d52386da7d96d73e7c7ce18a853c7a804e2aa79ff00ed572d1a784a89548c534ca73977346f6e26bbd2d74a96e36d989048014de626c01b94673d06319ac0bbd1ad649613637777244d19f396e136796f9c1c007907822af79d479bfed51570742ad4e76355249589ad6c74e8ec1a0b8b7fb54be5848a493fe5900724819c66a6b38eded22f2ad91635ea71d49f53557cea3cdaeca51a345de0ac43937b9a627f7a5495e4bcb4325fddc16f04864223761860a70c003d7b7d2b33cda5f3aaabf2578724f608b717747b6f83aff4893c37abc9e11b4b6d375fbfba317957d2a432428f1b98e48f7751dbdf358faef876c6cacb49d4356f104b3cf3473c13a5f2b5d331c9398f3c2e150e0f73ed5e5372e6e47ef1b2c76fce793f28c019eb8c1af63f861abfc3afb6c4c124d32f264103e9f732b4d6f260001937e46727f0af1a786927695add1ffc046f19a7b18979ab9f10f85af7c3be1836d2e85a5c3f6a44bf40b31dadb8b018e464f207e18e95cf68ff00126e3c25730696742b18dece50247866665910fcdb783c8e7239f6afa42cfc3de1989fcd8ac2da2261787722ed11a32e1d463819cf6e2bc33c6de05d2fc2ba5ea49a9e891de297dda7dfc53346248c9cedda06df317dfef0ae7c461ead2b4d48b524f466e6b9f11fe136a6659755d2ae6e27bff29ae0da22b4722a67284390d1827d0fa106b2ad353f05ebda06a76ba1d9d969f269d334b690ea4aa91dd40e7050b0392dce473f29f515e6369a3df2793aa693a74bbcbfee925412891872540e87e53f77d2ad3eafe299b4ad520b8d398d834623b863a78c40e0e410c1728792067a035c5f5893f8d7e1fa95ca8ea355d37c1f6da9f9fe1db4bbb4be8a25dd05dc2a12362adbb92d9ddc655c0c1f4aecfc0da9e8d6b64d345e12b61776b13189c2988c8ea0020a30fbc73d464579df84f524d7affc3b6975a25cb5fc370207bf555dbb02a84c8c60aa8e4e7b77af65bcd5bc1fa5f8922d2f57bdd234dbeb2478cb24526d20283f2b1e141cf4ef5d7856afcd7497a132ec496de12d23c7fe1c6b9f17e92ba66a59645b8b69b69c0276b3a8013207d7eb5e45e39f831e24d16e5d74c865d6ad9436d96de2da531c9de09f4f4af6e8354d0b59b1b59740d6e08640ec3e5986155b852549cf5e839fcab17fe122f12dc4b3c735c5b37871667b32c1d629810382928f9771c1214f5e99ae8af86a15127d7ba2632923e62b3d28dc4e6d667fb2cd9da81d0805bd09ed54350b59ac6ee4b5b94659233822bdefc61e05b0bab6d5b52d16f24325ac9b2e55ec9bcef3090630100e87a6f1c62bcb758b0bfd4acbfb5353b18eddaee42229955861a3215948ec3915e2d6c2ba7a33652b9c691dc714a803fc81b04faf02b46df49bc9a39a68a3dd0c2e1649436523c9c0248edef546f2d66b670b3234658065cf707a11ed5c9cad0c87bd251cd213480297ebf8d25008fa1a005ce293ebd68349ce2803d774e9241650456b75044574c80488f82cd94c9080673d7dbdeae4914f0e96b7c65961b1697c88a2750659df19c06e4600efc76e39ac0d39b488b4fb38bec8c258add646bc594a92a54654a1e71938e3ad57d3ee6de14981693c9c8291bfca77953f30c1c0181cf5e2b1a152729ab2d7cb4fc99934761710a1125cd95c4ba7daa05f32274f28043b495241c31c1ea7ad4d05e5d9bd96e6c6eed2dd86e299c469193c6ec83c9db9207359d1c1aa5f4675099fed11c9b1d3cdb800104ed014b81b88ef8e7a5645ccb6a750ba7b9b4922699cf911c48760653db1fe47bd6f0a89b9736fe5dc9b5cd3d2f5db1964587532b71631ee9e626265691c0242ee079391c1f6a8677b2bfb2375e55ccb3df1dd345132a32b2b75561cedc0fba7af5e2a86a1a8cb308b4bd8df638256645dc638d549037e48cb7271cfe15ce4f77f64f3a6b5569240fe58f3515d194f5182307a7deaeaa7370a7792d7fe1bfad82da9a52ead0c770b1c5132c4ae0297ca9561d082b9e98cd5b3acdddd995da669648a4dd24acdfbcc9380a46057397701bbbf80490b5a2fcb1973280598725b3d13ad7542cb488d03ab2b31c0de5d59b217ef13e84e6bb70f88aae7ed25bafeac0d6963a4d13c78f6da7b595ec1212a98474ebf88359779e2cb8b882440b20909f9240f8e3dc560ea3247bc4514de622e4e4b03c9ebc81cd53049e0735efc71136bde337a172e6f679ce66924908fef31350996ab3920e29864a975892c9969a64aabbe91a4a97580b88ea7197c1cf4aec6df53d3600645d42f751bd0627dcea228b214861952589e768e95c06f3fdeaecfc2715c5a69d6b7b796da7fd9a7b906d99f6f9ccea707a027671df8e6bcfc7cd4a96baf969a9717665943a2c76d2dccaead29cb905b9c93d39ef58ba65ac5a9493dd19e38d23e4a37bf0327b0cf7acbd6609adee4c8c8a6091c98dd32d19e7254311ce2ba64bbd2e3f0fc561a6e9b21ba6daf7172c98662370dbe8139fa9229623173f609c5d9ff005dc7b8e934bd12ee2b2b0b49dbfb42794f9b725c08a2c8c2c6319070d925ab035ffb4585f4ba5cd12c6d6e7cb63b482d8e3773ce38ae8ef759d635dd2e2d36c3c3f132e9f21b9736f6f860c170cc5fae38cedf5ae3fc41736f71a834d04977233f329b96dcfbfbf3deb9b0b566eab94fafe1f777d052d112e9976b0cff003052adf7be9572f2e2191cb5aee62c3ee2f38ee4d73dbebaef09e97e18b8d225bbd5b54bf5bb32288e1b28958c480e646937103a74fd6bbaa629538dd82ec63de5b6a3a75c442e6096de560af1f63c8041047d6baeb0b0d72ff5fd320d51bc868ff792432e1e5231cc8c08e3e550029fcaaa5debd63af6abf69d42d27305844d2f9bf33394550235f9784cb6dc9ad1b7d7aeadfc3f1e2fee74e3796f2db42f045859955b2549277753f977af23178ca8e945ca3af7ec096ba187f10458ff006e4d35842b6d1360a42a8a8bb4a821860e3bd731e65774fa6d8bdbd9e9525e4f244cf17da9fc9df33315c958c7b7a679ae5fc59a5d969928fecfb996e2027979536329fee953c83fe456d97e60a5054e6fde138db63384849007535a373a3ead6ba50d527b0963b2694c22638dbbc7553cf153f84b4ff0f5fd9ea0755bfbd86ea2859ede282252a480496249fa7ca3ad6978b7fb2a7b03368fab34b6f6b1c5bd6e3e569a465192a8091d7daba6a63f96a2a6bbf662b181a5dac97f3b4692471222177776c05007f915d65bd85d683aa5bd8477fa6ea524c91057858cb15acb23ae1491f296c755e78ae0ec12e6e2e161b546691fe50a3bd75fa1dacd6da9c0758b59122b391a46859c471ee5386e08eb9c1acf1b89e44f99de3d8697629f896c351d375f9adb50b859a4926657781d58b61b6962a3904fa1c1a93c6b6fa75ade98f4fb69e048c227ccc19580503767aee2739eddaba48758f0cd86a9aa69567a8ea57b61aa189e778ada3122bab1f94338dc546782319fc2b96d5f535b1b49ad34d86496c26431a5ccc4893018fca403b4722a6188a9cf18a56b7c9315aeae6179b479b54fcca3ccaf53da8ac5d129a5f36a8f994be6535582c5d12d3bcdaa3e651e6552ac2b177cd18a5770e067820e548ea08e84553f328125275149598f5e87b17c3bf881aedf6b09a649a8da58da476dfbbb6641209dd40070588284804f5c03dab6358f8af7b0eab77a349e0f5beb2720224ef92ca7d57919f4af0ed3351b9d36fe1beb499a2b885f7238ec7f1af47f875e329eff00c7b24d729636b36a5184ba2b6ebe5cecbc8620fdd63ed5cedca294632ddfa9aa69ee8f46d1f4cf05ebd8974bb9bbd2259a54992d62711f953282048a071bb0699a5e80535c9b48d7a7b4d4ec2fc96179f32b4b3a302239973863c71f956cdca4fa65c34f069cd2dbbe4b243cb0cf1803a74e6a8e9d71a76a964da55ce93fd9f017261904a0b0707e571dd5bbfb574ba31d2e95fee26e741aa68a6dad25bed2bcab3beb7d3a68218a2dde402464318ff0af35b6f87da36af6d63e29b2befed8bab7c36ad6906e78a6907de5da4ef0d8238fc47a537c59e25f164f25ee84fa92e9b79656fc4e912837e85861d5bb64755aa7f082d750d6527b9926b23f6590c123c0d25b5d31ecc597e5739fef66b92a4e15aaa872dcb4acaf72e7872d7c370f894581f06cfa64f246b25a4f133ca43127198dfe5c0ebbb26ba2b2d3a2927d4748bc7885ac975b927f9620660018dc81fc5bc9e40ed55be206ada67876fedf50f275093ca740f3c2c92aac8a1b19427218f7c6339aded2e6d1757d1dbc4163b8417a44aed2c4430283078233d8d6f4a105270babafc81b76b9c078f7533aaff67c724fe55ef364c6d617045c2b720c8080cbc67a71b811546cb4c1abc11f83b59b6beb1b821e68e59db8919793b1f3f7b1d41e0f5ea2bd23c410e9b71241a79b359a2946136228f2fbee07b1e2b93d53c3925eeb9f626d56f56f34f943799b0959602060e73c48a188dc2b3a9877cfcdbdc4a7a58e1b54b0d374dd4aceeed7526d36ed5fca91218976485790e003b64427822b0be2641677bf67d462b58ad27954296b44616b3118c90080636f55e95eddaa782f4fd66c0d95ddada5dbc71844b975f2ce4f3b863907dba77f6ae717c31ab6912ea1657ed26a5a4c30b3c1773ed3e56070b267975c771f30ae7c460a4aeada32a3511e03abe957da648ab7d6ed10900647ea9229ee08e0d67b57b96a7a4c325958c561690289130d6535c6f491f76731871ca91d46435715e24f08da4b3c92e9a92e9ecb2b46f6d708c1430192118f5ff74f3f5af2eae1251d63b1a295ce0691bad58bbb69ad65f2a64dac3b5418ae36ac5899c5008233460518a0675af1cb1d9e97e6c52ed9215d8eebb9f6ede42e3f8707a54d25e5b5c930dcdbc7e73be232ad8cb1eb924e718aa2e97130d3894964812d93e75dd85c8f53f4fa55a8ad2f62b792efecfb5a339442db9803c0e3ae723af6ac63649b3368db8ae6ce1f36269e7bc692df09e563cb8092a72031f9b0b9f4c1abba3df5968a9f69bf8e09ee4c41a13b8c92c1ce49231b7247af4ce6b9eb75b0c15b97bd8e471bf6dbc424691f9f5c00bc8cd50d4fed12195a4f3e3dce70f2a1f9b1c1c9ce33551a69ae56eddc52468eb7ab3dc5dc63cf5bac444891589039dc4648e4e4f35424b917e5bcc5da78628148cb0e016cd44625b98e41a659ce179ddbdc02142ee27d3b668b64789e0b6deb2f9b858d19875201cb7a0e6baa9d58c16da09a3674288a5bcb3ea762d7502d9b3a28c90bf2e137119daa5b1fcb8cd55b88f4958d52d1a769970774aa000a1796f5ce7f0ab52dab4a5a1b7b9922854ec913ce2e92329c6e000c63238fceb351153539a11347218d0b2166e1b8e540ade8de095494bd09b36241e6cb731db94d85b0a08c919ce3271f856fe89a2fdbc4cd1bc8be49f2dd0b0cef0327a76a8340b15b1bc85eee653e7b931c450f2befce31e9eb5dddbd8b2a17b568a257f99942e32715e9e0dd49a4dbd01c51e7fabe9af63d7cc24f7ed59249cd7a0eaf6171249831c72c47ae5b9acab8d32d9245c4186c8503dcf15d336d3d0971b9c904919c46118b370005e4d68ea9a06afa6da0babdb3f2a3240fbeac41c67900e47515a3e23b23671cad1cd1992de5f2d822b703190e1b18eb51451c7ab5b5bc56afa82848cbea73b26e8c7202801064f41d7a9ae078b4ed283bc7aee27139cdf5ddfc3cf0e69fa8db1bed767dd6782b0c115c32cbb81e58e010abc1ebd6b82b801666015b009033d7f1af51f841692df786b56b08f4db9ba9af11d51e050ad1a2a962c49e31d7f1f7ac71f564a8be560b4334787f4ebef0d5edd5ef89edad1ed9f75ad9f94d2162cd80bbb3c0c7fb355c41a569fe1c8504d7ade203247308d6543141195620a804e58fc9d795f9b8a927d52cfec7aa6997933490cc639209557199554e7807a93f2e7f1a4d72d2d6dacf4cd2f45d1efadee230d7d78d716ebe66d0bc39909e547f7400bf5ae085772872c9fa69fd7a156b0dd4bc5d00d2adc69f35f41234612ea32e0a96dc49200000ddc7a7e35c9cb2d9cba9467c96fb393f3e32acc4fae49c735afaae8571653dcbea230f3dba4b6afe68dbb98f19c75380dc56868496c355b24f0f5b4535f4716db96b8884b146db465ce78fef7ad6d4aad385d46fb6ff008ffc01123f8222bd6f2b4c96e61bf78fcc8ec6788b3c8bc1e08e836e5b27ad74561a4c11fc34834a64bdd3eef51d8f289a2658a61bdb64801f98e548e471f2f7ae5ac3c55ab58f8945b69b78d3a4d22a3244cc52507811e0704649c74eb5de78a75382e174d8357d365b55b2b7db16e9b6995157237c85b72b73b70338fd2b8f1188aa94612ea35139abbd3e1f09da5f5a6b7144d71a8f902d4b4acab244b2fef15f1860a768f9ba6071cd5afed39fc5a3fb3ad351d234b8ac219164b9752736e4282a842ee201036f1bbd4d70fe29b8f3ae6ea2934d9200a4496b10b8697ecd0b721771e48c62b6bc116c57c09ae6b216483ecf18b72fbf898bb060083fc23660e3aeee6b4aabf76a57d6ff002134b7655d576030c7a2cf7334f1441d9e7708eaaa40230783cf4c76aa7e244beb54986a064975112e2e8cab9da48c819ce339269b71776f7b1da0291457f34615183b01120662392703818c7a5335cba7974bb5f29f6b39c3c65f7317db82c7f0e9e94e168ca092f51b46ff0086cf85af74386c92dd6cef125f367be7958ca578063007014f41c1eb93d2b1bc7fa70b2d51a5b4b4fb2e9b264db21ce557711b412771c11d5bad6fe81e1b1e1cb46b9d5ed966d4668832db155922581958b31707e565e1b83ed5ceeb30e9f369ed75e4dd89f1f23b3e10e07390464b13cfd2ae359471174ddbceff0081095ccdd0a4bd92e45a69f0492dc4bde2cf99b40e40c1fc6bd0b50bcb9d14da8d72ed75794c324f710dcca25f29c9011413cb31501bd3a579ce9496afe49fb5ddc173e6e19a25ce10f008c1ce735d5d94f6874b6864b09ef35b58cc6b1afeebcb55392cd9c871b7e94639f34b4f22920d2b5017b6f7be1d177f63b67dcf119a25130c95dea64032064038ee33eb58dacdce9a74b58a19a5372a76b2a3feebe5e371046727935b91ecd6b4fb4d42ea18a186da42b7c817126d0c09e31f748dd81eb5cbf8b27b43a949159d8c76b0ac8c548cee65278ce79e9ec2b4a0ef535e9f9ffc10b197ba8df52699673ea17b15ac3b4348e0176e110138dcc7b0f7a82e07953c916f56da4aee56c83838c8f6af4bdaabd85625df4bbeaa8634bb8fa55738729677d1bea0dd46ea6a62b1603d3a25925904712348ec70aaab924fb015577d773e02d42c644b4b5ff84660b89ed2432c97225647937300039fe1418c1e3a1359d6afece3cc95c2c7253ac96f3b43324914b192ae8ca432b0382083d0d3adeea582759a191a39179561d455df16bcf36af757b3587d9da799ddc0766c127382493eb58dbaaa9d6f6904c2c7b67833e2f09bcbb1f13aac48136adcc287b0e3701fcebd0ecd6d751b78756d366f360946f8e44e8df506be510e45751e13f1cea3e1b96d7c86964814912c4d29d8ca4e700763d6ba238c70f8b5434ae7d07e21f0ce91e24d3fecb7d0b41301fbab887878c8e98f6f6ae5e4897c19add9df4d6f2225d208eea4833e52c8bc2b919e878c9eb5bda07894789a488e8b16eb431798f70e85406c91b307f0e6b6bcc9668cc77f67161898ca875912443d1b9fe55d4e10abefc37ee09b8e8ce0755f13f84eebc4714dae7862e61d52da333abaa029312a48071c3023a7bd6e697e33d0a6d0c6a835af32201912d9a211cb0617942a0f271d2a3f1ff872daf34089ace296de6b1ff8f6b9b5e65b600f4da0e593dba8ed5c2e949acc3712ff006b691a4eaf25b6d6130b702504f31c83032ea7f3ae59d4ab46a34edaf5b7f916acceef4ff155bea1666f61864f212658e2678592462172410463a8c0ad87bb9639c7996727d9dd37acdf788cf5423a8ae665bcf11892dc6a9a558cd0de6d91196e8462138c9cab723ebfcab6ad35db4834f845fcaab233c90bab3234633bb6b2b293938c56bf5b54d2e76efe84348d3b3b884799174047047e755f5569c5b1db2c77504c99455e49fd30460d79dddf8975c8753326936906a23ececf731408647c2820b8dbd0003bd54f0a78fb659b5acf3ddc9728e19121877441181ca927a11c63f2aceb63a9ca0d261c8ce867612d8457baa1bbf2e31e5db164fddca37721c9e1941038ebe86a94e8f7f7f3d9eb93ac53c888e8d031944908e9c30c9c73fed0aad26aba9cbbb5d28a344594c115bbb6e21c2e7708cb6e55e339c639eb56b5492d75eb08751d16f9a2951f708f77cd182795209fd6b970d596213975dec52566737e23d074fcc3a84862b8571be09635de275071839186fa7de1ef5e5dacd8c96b71e618d56397e740b9da013d39af654d4754b41716f1c565736d247b65b799480dce77061d1bd0d67590d35f4f68c59dc89f239bbb70cbbb19db900ae181e7a66b2c46194e5a686aa478d629315e8f2785f45d57ed66c127b3bb519366fce18724c6e7823d88fc6b85bed32eed2159648d763315196e548cf04763c579d3a1389499d169de7a471d8dd8ff0047b7401628b0de6c84fd393cd33c493dcc3208c5bc51aa0215d3a93d0ee20e77669b60651793dc44fe53461b0cc8a4b3118c007a75fc2a27862b64314c8d119e11b9df054b6723073cae3a93cfb570eb7bb3471b16b4bba8a297cd84ca1628c190b277efd0fbd3e7beba984c90dcf98880797336d0067ef292464f1c0f415ce7dbe58672d1f91c82bbf66ee09ed9efc714fbcbc4b9410c65a2b68d31b4b0059b079354b99eec948d3889bd9e021ed2e99f3b936b2e189ea7231f8d55d7248628a387cd563148c0c4dcb6ee03127ae3238aab05bee48e479b6db32619e15e54f60f81c555b816e245312c98c639e791dc629f5158dfd3b557b5b68098165472cee88e77051dbd40fe9591a85db493c8644552f967f970c491d323b53407b9937da43282130c3ef7cb8e5ba55cbb77b9b9884876dc1011dd2103cccaf391ebce335b4a77b7909449b4ad6a6570667967c2247bddf710abd146470057a0e91a9cd736eb2891b68eddabccec8c4b2c9095ddb0f042f7ef5db7871ed3c8ce1b0872e37745f5c7d6bd5c2d55082255dbb23a3975148e269256f6c57357ba9c724b8f376b1ea0f4ad9d4ad6ce61e60f31500e42bff8d71ba9dbdbc40379cdb98e150ae4fe95b54c46b6071696874faa7f65dd786ece1b19a7bbd65e62d78155b6f94aa405193ce0727d3152782a2f134d2cf73a15e2dadbe9e87cd7f3951631c91c1ea72383eb5cf7dbb55f0eda369b35a359ade44b2b79b6ea2574600afcc46e0b8e703156740bc7b78ae2db4a924db7e8903b5cb60a92465940382dc75ec2bcbacdc632492d7faff8633f3457f186942c2786ed26fb447740b92559487ef9dc327d735e8df09e49750d125b9bff00135ce93690621860b5850e5c60855500b1279c8c73ebd6b9ef1be96f147387bb5bcb8b4b78e164b8cf9bb00e180538ca8183935abf0e25d22d35fd3e1d0669e0b96b0782f2e4b343e74921eb86cf03eee00e719eb5c956b2ab86bcb5689656d5f4cb4d435c1ac3ccad6d1bf9f2de22194ed55276f978c761b8e36826a8eb9addadf1d423b6bed42cac2e1c08a6b8dd295887223049ced006063ae3b56dde596b3a4e80775cb1b68fcdcdc5a42b292c0ec54240f90707f9d56f0d5a6ada9e81a369b7bac69705a5d5d0b3b6b612c68620491e74a482c5558f4f46e31585392e55aedb168c9b4d2e1d62ce6beb9bf96e11773c331551f771b4480fcaa0804f5cd3fc1da55b78862689adec742b686e1e7babd28cd2c9185c8500f01471c0c6735d5249a758780a07bfb0b0dba6decd13f948aa978ec0210c01dce71d0f6e319cd4da86a5a268fa75a6a1a15ac4f772f9576d05ccadb2311310aa031e474f94e73f9d4cabb939282b76feb6fbc9d514a3b5f0e685e388b5cd0af62d56e56349238a1555ccd212a24048da830c3e5c1fae7a58f8817578f60d6b1f856d26083ecdf6fbbb879248dca9ca212400818e46467a66b93d7f518ed3c6169756d6762d73e6acb1ad83ec898ed04a9041382c4ff4ab1e2dbcd4b42b8d46c614b4d52eaf665b8ba70c64882b26447c9c9da4907d71cd38ba9294649dc2d638ed43c3f7d65a5c57ed7ca6f6594c4f67164bc6a1b6e4b0e07cdc62ba8d1edf52d234cb382eb525d36d64bafb2bce14482152b893a670dc9c8c678ae6e337d1496f1a4cb34f36d68440c488b192c8411db83ed45969dab6bda8ea3a742f73989fcd7595818e2653b433b67680012775744a6e6fde6acb51dac5bf143a7877c4b6525ad8e9707916e4471855b8322ee601a5072be6107f0e2aa585afdbb5bb7d5354d3ae6c74c96e955e581760894f5d84f19e6b645bd8e9d7b697716972df5eda2057769b7c5e72aef0e3232570a495fd6ba4f0fdb5feb11dddddcdb5ceb10ea36d32c6913308a1b8560f21556014b0071b474cf7ace588e5ff003ff802d91c878717499bc6974b25f6a136990bcad671fde92550c48df820636e59b1d7a7bd3750b49ae1a3b486eff79788cee19010231f7589fe1271c0ec2a9eb30cd2dcc70db58cb3dd471a28681f76c190154803238e3079cd76567751e95e1b9f54d42dac659ee238e2de1899d981da1464607ca39c7e35a4e6f9a3315ec8f3ed1b4abc4bc596e6ce4f2165f26427395247a0e6b47598f4fb0d1f4cf265825bd9a495ee5e298b342370da841503381ea6b77c41aa4b2c77965259c96ba6cd22fd9ade663fb960460641e781d7bd66ea77b602da2d9631c971701268de15511c0f9395208f9b007a9cd2a959d495ec5266f49a9dcdd5b6811c7676332dbed5744c3cb2207dc23900381f789e9deb0b57b59750f1c6a1fda914b717176f22813e7cd8e46044780082474033c573d16af2df5c35c5fcd24b71270ee70a1b9000e0707df8a626a53da196448958a901e43b99b77a64f4e46688ca70bf70503b6d3ae16c3469edacb519cead2c3f646892de3dde5272e8e7f870c0738e477ae0f5bd3ef74f9d45e4712970194c4eaea41f7538ae9fc3934fa9cf1da43f662d749b4bcf1011ee0090acc307d7ad6278a6457d50699fda2d2c366ed09926401430382c028e991ef5b50ab25377ff008225a3b188721b9fafe75634fb4b9be90c76d1349b465c852428ce3271d066a9eecbf273cf26b660b292d0c57d67ab5b0e7aef2922827182a7af1d7dabbe552c8a641a9e9b7761a9c9a7cc91c9711b84610b89577919da0af04fb552248241e08eb5dc78d2ef4fb0f18c7e4db2dcdac021fb33cb11892450b866280038de770f5f5ae63c57770df6b335f430476eb7187288fb9738c1209ec4f6ed514ebf33b131bb33b7574df0dade5baf11c5e5994aa0cc912315f393a9527a0e0679e2b94cd58b2be9ed0b1b77c6fc061eb8e456951b941a8ee371b9b5e319edd7599edb4f69638176aba9943067039391c119ac3dd5d2c7a6e8f7fe1abdd59efa78afe3d822802aec63c0607033c0e7deb95dd5142a2e5e55d01225dd41c38c1e95166b67c2fa4c3abdcc91cda85a59a468cede7b15dca14920601f9b8c01eb5a4aa452f7b61d8ee7e125e35a81a85cde6a9f61824c5e4565d7685c2b8f43ea3b8aee7fb78eb71ddd8598d25e2406e64633300011945db95666cf50bdebcaad01d1f519353d05ef63b65e11a6c13b48e0390369aec23b68aefc3eb7f158c1a798bf7f6f72bbd5e52080e149187008fba3a658d6553112a1cb28c9f2bdd7425efa98d6fe2cd4b4bf17a5cdb249a631cc329b9959e090f249233f975aebe0bc9fc47a7fdaf641a7ea330729358b12446bfc4149c8048fcab8fd4353b4d4ef058dd2fdaa694108c22f9b7024a6e27be78edc1ad8d675bbab2d39b463149a788ece18b6cb302ca846e9070a4edddefc1f5a9a98d942ca0ee994d763acd13c5d6ba844da2dedc457d3c7f238655469147728c704fe3505a785749b98ef63b41f62773b9e2b8b6f9b24f419f9707dabcf25d4135495ada392c96fed095b770a19270083b41600838e99e0d77de03f1736b20e95a9db7d9350813201dc04801c1ebdf35e8d2ab0c4da15b7e9fe4271b2ba39abdf0f5fe8572c905c2f97704a6c86568540247ca49e39fae09ac1d60eb7a4de4f25f69aba623e15136b090ae71b8638391c7a57b95a4115d4b20ba9a08a358cb3995038181d81ebce2bcd751d56fa5d501bbb959648e302d9e7763f286236f276fe15cf89a3eca7ece2fdd7fd6a1193665f88ee27b1922492e6eee1258bcc085d8904a9f94e79538c706ad784b50825d3a698d85b03145e7b32e037979039e7939ebdeb37599efed775adcdcc929b9b76091c4bbb01896209ea1b23eefa5476dfd976f05ac335fc4a9247f30894850f9ce39ea7001cfbe2b8f0b52709dddaff00715ba3a77bbd32ea3df1a5a10c382b9079f706a2b349a3bb8e5b28998a74466ca11e95ca5c78c6cec6efca82d15a30e14b95c00bdc81d4d69e9ff11a297f7434d51e5eefde2bf551d080466bd958aa4dd9bd42ccd8f16591bf923b94b4bb5491079ab02a996071d1a33dd7d45721abdaea5633289b4c6ba7946e321c85970000ea48e323a8eb9aec6dbc4f6d7e8d6d637517db0a6e556e463bf4a9a5d4af248d1736ecbd5d5b3b437a8a552942a3e68b057478c45aadf9bbfb3bcecc8ce03e7f8803d0fb7149ad4f24772db76e1806c6385c81d3d28a2be652474f412c2149ee2f04c370b6859917a02474ce3af5aaaeaad3cd951fbb1b87bf207345143d2466c98122d2254cc61d4b36d246486c0e3a554933b55892491d4f6c51451111a7e1eb89a498596fdb1b230ca8f997186c83d8e6ba3d182cde1d58c288a668ccaf729feb5f381b4b1ce00c0e801f734515a534aec68e35818a44656625f3bb27af35a3697d756d9b98652aea03631c1f623d28a2bb70fac1dc87a3363c5b7373a6ebde45adc4ab09862708c7705dc9b8819ed9e95dc7c37f0de9bafd95e5fea8259a4b5b39a689430550ea320f03345152dbf6572ea6ece4be260666d3e7925964721a21bdb3b555b000addf1edd4b3f8d348d28ec8a3b3b2892396250929db1e54961dc6001d3f3e68a2b08b7c91339fc449acd8da693a7695a8dbc08f2fd87cc612fcc1dd98e59bb93f8d3352f16eaf71a4ada2982de076b75d90c78db876c609c91f798f5eac68a2b862de9eac88eb63b2d03c2fa70f09dfccd25dbc715ea9581a6fddfccd1a9e3af463deb92f891a558d841a14b6308b6959598bc7c1fbcb8f6e33c7eb9a28ac30b393a924dff0057096e1a6eab70fe2556923864f291dc075cee603193ce4e702974cd4659745d4b51bc82d6fa692e63b64fb4c2b20811cc8498c1fba78183451554fe39ff005dcd25d0268534fd6dac200a563263495d15a451e66d3838c0c8ebc55e8f645a7eb090c16f1c8240de72c2bbf946240e30010b8c0038268a2a6eee4bf849fc27a359ea1e24fb0b9960834fb1fb55b081fcb28fb46791ce0e4f1587334b6badf8a6d2ca692ce2b395e00b06104caaee019001863c75c7734514d37afa13f68c7d4aeae754f10e9d1dddc4a65bfb95fb4cead8924deecadcf41c76000aea7e242dcf84b58fec8d2751be1696f331895e5e50ee54241500824019a28adaa455b61bd2491cfe84b30bbbcba5bcb859242f2b61872cabbc36719ce7be6b0a4d56e6f505ac82348b9902a2e30dc1c8f4e7d28a2abfe5e2feba022ff8726678e3b9b854b932c2e9b265dca99f972a3b1c77eb4ba069b6b3eafa84372249e2b6b499e14773852b1c8c3a7b8145144f49341d4e4a2fdf5f0800f2a295137aa1ebf2e7be7bd6c78834fb6d3ac035bab798b227cecd9272b9e7b75f6a28ad67b22d6e73f1dddc44cc52423736481d39e3a74ef5d0786f4ab4d535431dc07557b5694ec6e777af39a28ad76bb09689987142ad6d34859b7232818f7ad878234d1e372aac6205d0b28e0fb9c648fae68a2b5acdd88664cd7f77770edb899a4cb17cb7273d319eb8f6a8ece359ae638db203b2838f7a28ade292d8a3575cd2adac6df7c2d213e6b27cc41e07e14be12b382e9f5096e1049f66b62e8ac32a4938e47ebf5a28a96df2364f435af9a1b9d76cf478ed21b4b2961b6578e0dc3736d525f2493b9b71cf6f402b0bc53610e97e20bcd3edde468a097621720b63dc8028a29501a333bd4d692c914ebe5b953bb3c7b51456af619d359ea77c9a1dce9e2e1fecbf69cb44385665042b1038c8c9fccd761f092f5af74d7b0d4228ef22b6591adbcd66cc2ceca095c103df1d33d41a28ae1c57f0be644886fec2dc6ba15d4c80aa9f9bd7079c0e3b571b35ccd7bf655b972eb0c6ee8b9c72180fae28a2b5a3fc18fcff004345b1e9fa0e81a54d3913daaca97ce4ca8dd0623c8dbdc73ef53b5ac3a6cf612db2ff00ad98c2eaff00302369e7d8f039a28af7395282697f57334741a55e4f35ac0d215660a0e4afa1ae47c797525958bd9db044b73b65f2f6e407049047a771f4268a28c5a4e95df6143e22a586910dff0085efbc4775717525f595f5bc711327cb891b9c8c67231c73f9d62fc4cb954d0b4fb1fb2dab7972bc9e798ff7ad9c705bb8e718f614515f3bbb8b7dd97d7e6735e188adae53514bab48a73f61731b3eecc4cbc865c11cf1839c8c134a9616d0c76ef1ab2978bcc6f9ba9ce3f2a28ada9eecd7a15fed121b9e0aa34527cac8a14fd38ed5e89613c86052719c7a51457a1846f525ee7fffd9, '   proper working\r\nsuitable for small rooms', 1000, '6', 'available', 5, NULL, 'approved', 2);

-- --------------------------------------------------------

--
-- Table structure for table `admin`
--

CREATE TABLE `admin` (
  `admin_id` int(11) NOT NULL AUTO_INCREMENT,
  `admin_name` varchar(40) NOT NULL,
  `password` varchar(40) NOT NULL,
  PRIMARY KEY (`admin_id`)
) ENGINE=InnoDB  DEFAULT CHARSET=latin1 AUTO_INCREMENT=2 ;

--
-- Dumping data for table `admin`
--

INSERT INTO `admin` (`admin_id`, `admin_name`, `password`) VALUES
(1, 'Anmol Garg', 'root');

-- --------------------------------------------------------

--
-- Table structure for table `books`
--

CREATE TABLE `books` (
  `ad_id` int(11) NOT NULL,
  `author` varchar(40) NOT NULL,
  `title` varchar(40) NOT NULL,
  `publisher` varchar(30) DEFAULT NULL,
  `branch` varchar(25) DEFAULT NULL,
  PRIMARY KEY (`ad_id`)
) ENGINE=InnoDB DEFAULT CHARSET=latin1;

--
-- Dumping data for table `books`
--

INSERT INTO `books` (`ad_id`, `author`, `title`, `publisher`, `branch`) VALUES
(1, 'Kurose and Ross', 'Computer Networks', 'pearson', 'I.T.'),
(3, 'William Stallings', 'Operating Systems', 'mcgrawhill', 'I.T.'),
(11, 'william stallings', 'operating systems', 'pearson', 'computer science and'),
(12, 'murthy', 'wireless network ', 'abcd', 'computer science ');

-- --------------------------------------------------------

--
-- Table structure for table `cart`
--

CREATE TABLE `cart` (
  `cart_id` int(11) NOT NULL AUTO_INCREMENT,
  `uid` int(11) NOT NULL,
  PRIMARY KEY (`cart_id`),
  UNIQUE KEY `uid` (`uid`)
) ENGINE=InnoDB DEFAULT CHARSET=latin1 AUTO_INCREMENT=1 ;

--
-- Dumping data for table `cart`
--


-- --------------------------------------------------------

--
-- Table structure for table `cart_item`
--

CREATE TABLE `cart_item` (
  `ad_id` int(11) NOT NULL,
  `c_id` int(11) NOT NULL,
  PRIMARY KEY (`ad_id`,`c_id`),
  KEY `cart_item_ibfk_1` (`c_id`)
) ENGINE=InnoDB DEFAULT CHARSET=latin1;

--
-- Dumping data for table `cart_item`
--


-- --------------------------------------------------------

--
-- Table structure for table `category`
--

CREATE TABLE `category` (
  `catid` int(11) NOT NULL AUTO_INCREMENT,
  `cat_name` varchar(50) NOT NULL,
  PRIMARY KEY (`catid`),
  UNIQUE KEY `cat_name` (`cat_name`)
) ENGINE=InnoDB  DEFAULT CHARSET=latin1 AUTO_INCREMENT=5 ;

--
-- Dumping data for table `category`
--

INSERT INTO `category` (`catid`, `cat_name`) VALUES
(3, 'automobile'),
(1, 'books'),
(2, 'electronics'),
(4, 'others');

-- --------------------------------------------------------

--
-- Table structure for table `general`
--

CREATE TABLE `general` (
  `brand` varchar(40) NOT NULL,
  `ad_id` int(11) NOT NULL,
  `subid` int(11) NOT NULL,
  PRIMARY KEY (`ad_id`),
  KEY `subid` (`subid`)
) ENGINE=InnoDB DEFAULT CHARSET=latin1;

--
-- Dumping data for table `general`
--

INSERT INTO `general` (`brand`, `ad_id`, `subid`) VALUES
('hero', 2, 4),
('kenstar', 4, 6),
('samsung', 5, 1),
('xiomi', 8, 1),
('Bajaj', 10, 2),
('symphony', 13, 7);

-- --------------------------------------------------------

--
-- Table structure for table `order`
--

CREATE TABLE `order` (
  `order_id` int(11) NOT NULL AUTO_INCREMENT,
  `ad_id` int(40) NOT NULL,
  `bu_id` int(11) NOT NULL,
  `order_date` date NOT NULL,
  `del_date` date NOT NULL,
  PRIMARY KEY (`order_id`),
  KEY `order_ibfk_2` (`ad_id`),
  KEY `order_ibfk_1` (`bu_id`)
) ENGINE=InnoDB DEFAULT CHARSET=latin1 AUTO_INCREMENT=1 ;

--
-- Dumping data for table `order`
--


-- --------------------------------------------------------

--
-- Table structure for table `subcat`
--

CREATE TABLE `subcat` (
  `subid` int(11) NOT NULL AUTO_INCREMENT,
  `catid` int(11) NOT NULL,
  `sub_name` varchar(20) NOT NULL,
  PRIMARY KEY (`subid`),
  KEY `catid` (`catid`)
) ENGINE=InnoDB  DEFAULT CHARSET=latin1 AUTO_INCREMENT=8 ;

--
-- Dumping data for table `subcat`
--

INSERT INTO `subcat` (`subid`, `catid`, `sub_name`) VALUES
(1, 2, 'mobile phones'),
(2, 2, 'iron'),
(4, 3, 'cycles'),
(5, 3, 'bike'),
(6, 2, 'fan'),
(7, 2, 'cooler');

-- --------------------------------------------------------

--
-- Table structure for table `user`
--

CREATE TABLE `user` (
  `uid` int(11) NOT NULL AUTO_INCREMENT,
  `f_name` varchar(50) NOT NULL,
  `l_name` varchar(50) NOT NULL,
  `password` varchar(30) NOT NULL,
  `email` varchar(50) NOT NULL,
  `room_no` varchar(10) NOT NULL,
  `hostel` varchar(30) NOT NULL,
  `contact` varchar(15) NOT NULL,
  PRIMARY KEY (`uid`),
  UNIQUE KEY `email` (`email`)
) ENGINE=InnoDB  DEFAULT CHARSET=latin1 AUTO_INCREMENT=15 ;

--
-- Dumping data for table `user`
--

INSERT INTO `user` (`uid`, `f_name`, `l_name`, `password`, `email`, `room_no`, `hostel`, `contact`) VALUES
(1, 'Deexita', 'Goel', 'd', 'deexitamzn@gmail.com', '100', 'kngh', '9473854449'),
(2, 'Avneesh', 'Tiwari', 'a', 'avneeshavailable@gmail.com', '233', 'tondon', '8795645688'),
(3, 'Anubhav', 'Gupta', 'a', 'anubhavgupt1995@gmial.com', '232', 'tondonn', '9786543211'),
(4, 'Ayushi', 'Bajpai', 'a', 'ayushibjp@gmail.com', '101', 'kngh', '123567890'),
(5, 'anmol', 'garg', 'g', 'garganmol95@gmail.com', 'f-39', 'KNGH', '9876543210'),
(6, 'abc', 'def', 'abc', 'abc@gmail.com', 'f4', 'kngh', '1478520369'),
(7, 'vishakha', 'prasad', 'vis', 'vishakha@gmail.com', 'f-52', 'KNGH', '9638527410'),
(8, 'kdk', 'jdh', '45', 'guptaneha0303@gmail.com', 'g-4', 'hb', '9518476230'),
(11, 'shreya', 'agrawal', 's', 'shreya.s2794@gmail.com', 'f54', 'KNGH', '854796321'),
(12, 'ritu', 'dhariwal', 'rd', 'dhariwalr0@gmail.com', 'f-8', 'KNGH', '4569873210'),
(13, 'apurva', 'rastogi', 'ar', 'rastogiapurva@gmail.com', 'f-34', 'KNGH', '9876543210'),
(14, 'raunak', 'agrawal', 'ra', 'raunak@gmail.com', 'f-16', 'kngh', '8796543210');

--
-- Constraints for dumped tables
--

--
-- Constraints for table `ad`
--
ALTER TABLE `ad`
  ADD CONSTRAINT `ad_ibfk_2` FOREIGN KEY (`s_id`) REFERENCES `user` (`uid`) ON DELETE CASCADE ON UPDATE CASCADE,
  ADD CONSTRAINT `ad_ibfk_3` FOREIGN KEY (`catid`) REFERENCES `category` (`catid`) ON DELETE CASCADE ON UPDATE CASCADE;

--
-- Constraints for table `books`
--
ALTER TABLE `books`
  ADD CONSTRAINT `books_ibfk_1` FOREIGN KEY (`ad_id`) REFERENCES `ad` (`ad_id`);

--
-- Constraints for table `cart`
--
ALTER TABLE `cart`
  ADD CONSTRAINT `cart_ibfk_1` FOREIGN KEY (`uid`) REFERENCES `user` (`uid`) ON DELETE CASCADE ON UPDATE CASCADE;

--
-- Constraints for table `cart_item`
--
ALTER TABLE `cart_item`
  ADD CONSTRAINT `cart_item_ibfk_1` FOREIGN KEY (`c_id`) REFERENCES `cart` (`cart_id`) ON DELETE CASCADE ON UPDATE CASCADE,
  ADD CONSTRAINT `cart_item_ibfk_2` FOREIGN KEY (`ad_id`) REFERENCES `ad` (`ad_id`) ON DELETE CASCADE ON UPDATE CASCADE;

--
-- Constraints for table `general`
--
ALTER TABLE `general`
  ADD CONSTRAINT `general_ibfk_4` FOREIGN KEY (`subid`) REFERENCES `subcat` (`subid`) ON DELETE CASCADE ON UPDATE CASCADE,
  ADD CONSTRAINT `general_ibfk_5` FOREIGN KEY (`ad_id`) REFERENCES `ad` (`ad_id`) ON DELETE CASCADE ON UPDATE CASCADE;

--
-- Constraints for table `order`
--
ALTER TABLE `order`
  ADD CONSTRAINT `order_ibfk_1` FOREIGN KEY (`bu_id`) REFERENCES `user` (`uid`) ON DELETE CASCADE ON UPDATE CASCADE,
  ADD CONSTRAINT `order_ibfk_2` FOREIGN KEY (`ad_id`) REFERENCES `ad` (`ad_id`) ON DELETE CASCADE ON UPDATE CASCADE;

--
-- Constraints for table `subcat`
--
ALTER TABLE `subcat`
  ADD CONSTRAINT `subcat_ibfk_1` FOREIGN KEY (`catid`) REFERENCES `category` (`catid`) ON DELETE CASCADE ON UPDATE CASCADE;
